tau,t_nondim,t_days,x,y,z,vx_halo,vy_halo,vz_halo,vx_arr,vy_arr,vz_arr,delta_v_nondim,delta_v_m_s,C_halo,C_arr,delta_C,dist_from_moon_km,dist_from_l2_km,valid
0.0,0.0,0.0,1.1111238554848533,0.0,0.035,0.0,0.20256882013993485,0.0,0.22579775702402538,0.0,0.007035610549505576,0.3034275099356853,310.8757010983002,3.1412189199162857,3.131218919916286,0.009999999999999787,49259.607511502116,21780.39845856995,True
0.001,0.003394396287261952,0.014740097479713481,1.1111239862406617,0.0006875913326416838,0.03499869545430258,7.704980670414385e-05,0.20256217539910443,-0.000768637561476528,0.22579308774205506,0.00013821497808869866,0.007035202009840189,0.3032887888561273,310.7335748524834,3.1412189199162857,3.131218919916286,0.009999999999999787,49260.227997251954,21781.652871233167,True
0.002,0.006788792574523904,0.029480194959426963,1.111124378663841,0.0013751375573703341,0.034994782002660124,0.00015419137874730015,0.20254224281530303,-0.0015371658595106663,0.22577908130210236,0.000276403645331793,0.0070339765365900475,0.30313614949397405,310.57718867400325,3.1412189199162857,3.131218919916286,0.009999999999999787,49262.089329541355,21785.415322011908,True
0.003,0.010183188861785855,0.04422029243914044,1.1111250332215319,0.0020625935773959754,0.03498826020132468,0.00023151640991919968,0.2025090273031256,-0.002305475688095702,0.22575574192107326,0.00041453970534243513,0.007031934566873283,0.30296954540033555,310.40649497379565,3.141218919916285,3.1312189199162854,0.009999999999999787,49265.19113356136,21791.683450825545,True
0.004,0.013577585149047808,0.058960389918853925,1.1111259506918978,0.002749914318164741,0.034979130977058084,0.00030911645101077654,0.20246253704865044,-0.00307345795602264,0.2257230766239344,0.0005525968906355274,0.0070290768288211,0.3027889340523074,310.2214501851525,3.141218919916285,3.1312189199162854,0.009999999999999787,49269.53278486853,21800.453329372674,True
0.005,0.01697198143630976,0.0737004873985674,1.111127132163518,0.003437054738451907,0.03496739562664522,0.0003870828385587262,0.20240278350207874,-0.0038410037440966675,0.2256810952389042,0.0006905489770392243,0.007025404340979941,0.3025942768877214,310.0220147993257,3.1412189199162857,3.131218919916286,0.009999999999999787,49275.11340974179,21811.719468855477,True
0.006,0.02036637772357171,0.08844058487828088,1.111128579034541,0.004123969841425013,0.034953055816213274,0.00046550662388654624,0.20232978136744856,-0.004608004362133933,0.22562981039072535,0.0008283697980592706,0.0070209184114756054,0.302385539337013,309.80815339817667,3.141218919916285,3.1312189199162854,0.009999999999999787,49281.93188568165,21825.474830743424,True
0.007,0.023760774010833666,0.10318068235799437,1.1111302930115945,0.004810614685667073,0.03493611358035805,0.0005444785025342792,0.20224354858944238,-0.005374351405667969,0.2255692374920436,0.0009660332591806254,0.00701562063694109,0.3021626908521751,309.5798346838407,3.1412189199162857,3.131218919916286,0.009999999999999787,49289.98684205016,21841.71084052741,True
0.008,0.027155170298095617,0.11792077983770785,1.1111322761084605,0.005496944396150159,0.034916571321078435,0.0006240887441757906,0.20214410633731164,-0.006139936812293013,0.22549939473288916,0.0011035133520909033,0.007009512901209238,0.3019257049327443,309.3370315053514,3.141218919916285,3.1312189199162854,0.009999999999999787,49299.27666085272,21860.417404399705,True
0.009000000000000001,0.03054956658535757,0.13266087731742135,1.1111345306445104,0.00618291417514953,0.03489443180652023,0.0007044271231194452,0.20203147898594775,-0.006904652917573642,0.2254203030682918,0.0012407841688103854,0.007002597373772665,0.30167455914879704,309.0797208822011,3.1412189199162848,3.131218919916285,0.009999999999999787,49309.79947765815,21881.582928785672,True
0.01,0.03394396287261952,0.1474009747971348,1.1111370592429073,0.006868479313088722,0.034869698169531144,0.0007855828494812873,0.20190569409413392,-0.007668392510452066,0.22533198620404335,0.0013778199157134963,0.0069948765080131295,0.3014092351609253,308.8078840248071,3.141218919916285,3.1312189199162854,0.009999999999999787,49321.55318265861,21905.194342636652,True
0.011,0.03733835915988147,0.1621410722768483,1.111139864828575,0.0075535951993061096,0.03484237390602856,0.0008676445011260902,0.2017667823800164,-0.008431048888083619,0.22523447058062818,0.0015145949274268774,0.0069863530392030035,0.30112971873716504,308.5215063518552,3.1412189199162857,3.131218919916286,0.009999999999999787,49334.535421865825,21931.237122385824,True
0.012,0.04073275544714342,0.17688116975656176,1.1111429506259374,0.008238217332733498,0.03481246287318234,0.0009506999564671388,0.20161477769384034,-0.009192515910032725,0.22512778535535327,0.0016510836805894563,0.006977029982282102,0.3008359997668633,308.22057750450784,3.141218919916285,3.1312189199162854,0.009999999999999787,49348.743598442976,21959.695319455543,True
0.013000000000000001,0.04412715173440538,0.19162126723627526,1.111146320156431,0.00892230133247766,0.03477996928741476,0.001034836328208325,0.2014497169879977,-0.00995268805176507,0.2250119623827005,0.0017872608074601692,0.006966910629413046,0.300528072271472,307.90509135746237,3.1412189199162857,3.131218919916286,0.009999999999999787,49364.174874170894,21990.551590195202,True
0.014,0.04752154802166733,0.20636136471598873,1.1111499772357962,0.009605802948295654,0.03474489772222018,0.00112013989811859,0.20127164028444208,-0.01071146045737056,0.22488703619293776,0.0019231011093593224,0.006955998547319072,0.3002059344122602,307.57504602685276,3.1412189199162857,3.131218919916286,0.009999999999999787,49380.8261710462,22023.787228120615,True
0.015,0.050915944308929276,0.2211014621957022,1.1111539259711465,0.010288678070955189,0.0347072531058072,0.0012066960529218097,0.20108059063952713,-0.01146872899145434,0.2247530439690125,0.002058579569929845,0.006944297574407997,0.2998695884949388,307.2304438749878,3.1412189199162848,3.131218919916285,0.009999999999999787,49398.69417300971,22059.382198316856,True
0.016,0.054310340596191234,0.2358415596754157,1.1111581707578233,0.010970882742471315,0.03466704071856607,0.0012945892213797098,0.2008766141063317,-0.012224390290136496,0.22461002552177844,0.0021936713682052028,0.006931811817687116,0.29951904097121257,306.87129151194154,3.141218919916285,3.1312189199162854,0.009999999999999787,49417.775327802316,22097.315173860818,True
0.017,0.057704736883453185,0.2505816571551292,1.1111627162760398,0.011652373166211111,0.0346242661903647,0.0013839028126497173,0.2006597596945373,-0.01297834181110078,0.22445802326358374,0.0023283518914709546,0.0069185456494733144,0.2991543024372586,306.4975997939937,3.1412189199162857,3.131218919916286,0.009999999999999787,49438.06584894714,22137.56357411226,True
0.018000000000000002,0.06109913317071514,0.2653217546348427,1.1111675674873167,0.012333105716858007,0.034578935497676384,0.0014747191559908333,0.20043007932792836,-0.013730481882635787,0.22429708218025862,0.002462596747907363,0.006904503703903239,0.2987753876291456,306.10938381893715,3.141218919916285,3.1312189199162854,0.009999999999999787,49459.56171785446,22180.103604719156,True
0.019,0.06449352945797708,0.2800618521145561,1.111172729630717,0.013013036950228044,0.034531054960542935,0.0015671194418916653,0.2001876277995892,-0.014480709751614662,0.22412724980156043,0.0025963817790011167,0.006889690873249125,0.2983823154152211,305.7066629182781,3.1412189199162857,3.131218919916286,0.009999999999999787,49482.25868604771,22224.91029917804,True
0.02,0.06788792574523904,0.2948019495942696,1.1111782082188817,0.01369212361293013,0.034480631239376724,0.001661183664684638,0.19993246272487486,-0.015228925630361588,0.22394857617010128,0.002729683071714283,0.00687411230404509,0.2979751087854822,305.28946064634573,3.1412189199162857,3.131218919916286,0.009999999999999787,49506.15227750655,22271.957561788855,True
0.021,0.071282322032501,0.30954204707398314,1.1111840090338758,0.014370322651863016,0.03442767133160577,0.0017569905667222014,0.1996646444922368,-0.01597503074235347,0.2237611138088241,0.002862476970399498,0.006857773393030142,0.29755379483796285,304.85780476634545,3.141218919916287,3.131218919916287,0.009999999999999787,49531.237791126274,22321.218211840358,True
0.022,0.07467671831976294,0.3242821445536966,1.1111901381228446,0.015047591223541813,0.03437218256816552,0.001854617584160131,0.1993842362119869,-0.016718927366714032,0.22356491768706532,0.0029947400884505902,0.006840679782913417,0.29711840476217816,304.41172723339696,3.141218919916288,3.131218919916288,0.009999999999999787,49557.51030328779,22372.664028864518,True
0.023,0.0780711146070249,0.3390222420334101,1.1111966017934916,0.015723886703247224,0.03431417260984197,0.0019541407944308233,0.1990913036630862,-0.017460518881448842,0.22336004518525487,0.0031264493196784247,0.00682283735796781,0.2966689738196466,303.9512641745781,3.1412189199162897,3.13121891991629,0.009999999999999787,49584.96467053798,22426.265798795368,True
0.024,0.08146551089428684,0.3537623395131235,1.1112034066093788,0.01639916669399079,0.03425364944347007,0.0020556348654379593,0.19878591523804842,-0.0181997098053859,0.22314655605831052,0.003257581849402318,0.0068042522394583665,0.2962055413215535,303.4764558660403,3.141218919916293,3.1312189199162934,0.009999999999999787,49613.59553237502,22481.99336087268,True
0.025,0.0848599071815488,0.368502436992837,1.111210559385057,0.017073389035303227,0.034190621377989325,0.002159173006556585,0.19846814188605802,-0.01893640583878034,0.2229245123977911,0.00338811516525069,0.006784930780911753,0.29572815060359303,302.98734670723246,3.1412189199162945,3.1312189199162948,0.009999999999999787,49643.39731413602,22539.815655132155,True
0.026000000000000002,0.08825430346881076,0.3832425344725505,1.1112180671810374,0.017746511811793035,0.0341250970403708,0.0022648269214119035,0.1981380570543633,-0.019670513902544515,0.22269397859281762,0.003518027067652345,0.006764879563233881,0.2952368489980449,302.4839851922932,3.141218919916295,3.131218919916295,0.009999999999999787,49674.364229985214,22599.70077032181,True
0.027,0.0916486997560727,0.39798263195226397,1.1112259372986037,0.018418493361522573,0.034057085371409515,0.00237266676255704,0.1977957366280784,-0.020401942176073808,0.22245502128988123,0.0036472956800217234,0.006744105389682349,0.2947316878031512,301.96642387867485,3.1412189199162945,3.1312189199162948,0.009999999999999787,49706.49028599666,22661.615992098414,True
0.028,0.09504309604333466,0.41272272943197746,1.1112341772744698,0.019089292284196632,0.03398659562138691,0.0024827610881042565,0.19744125886849118,-0.021130600133632663,0.22220770935156256,0.0037758994586302485,0.006722615280699533,0.29421272224981576,301.4347193530265,3.141218919916295,3.131218919916295,0.009999999999999787,49739.769283328846,22725.527851357645,True
0.029,0.09843749233059661,0.4274628269116909,1.1112427948752974,0.019758867449113565,0.03391363734561737,0.0025951768202581767,0.19707470434994276,-0.021856398579276966,0.22195211381422172,0.00390381720214789,0.006700416468615243,0.29368001146574363,300.88893219445225,3.141218919916295,3.131218919916295,0.009999999999999787,49774.19482148817,22791.40217255141,True
0.03,0.10183188861785855,0.4422029243914044,1.111251798092077,0.020427178002907744,0.033838220399877265,0.002709979205842577,0.19669615589540274,-0.022579249680285983,0.22168830784471555,0.004031028060855176,0.0066775163922246535,0.29313361843705066,300.3291269351791,3.141218919916295,3.131218919916295,0.009999999999999787,49809.76030167777,22859.204121859642,True
0.031,0.10522628490512051,0.4569430218711179,1.1112611951343756,0.021094183377071224,0.03376035493572299,0.0028272317788406846,0.19630569851083549,-0.02329906699908045,0.2214163666962169,0.004157511545518572,0.006653922691249548,0.29257360996743076,299.7553720187216,3.141218919916295,3.131218919916295,0.009999999999999787,49846.4589302263,22928.898255087977,True
0.032,0.10862068119238247,0.4716831193508314,1.1112709944244616,0.021759843295250714,0.03368005139570333,0.0029469963249618464,0.1959034193184571,-0.024015765523610497,0.22113636766317935,0.004283247535923738,0.006629643200689648,0.29200005663494927,299.1677397556145,3.1412189199162954,3.1312189199162956,0.009999999999999787,49884.283722094675,23000.448565167535,True
0.033,0.11201507747964443,0.4864232168305449,1.1112812045913152,0.022424117780316246,0.033597320508471216,0.003069332848267298,0.19548940748898638,-0.024729261696193414,0.22084839003552337,0.004408216289062323,0.006604685945071849,0.29141303274654284,298.5663062767962,3.1412189199162954,3.1312189199162956,0.009999999999999787,49923.227504456314,23073.818529141943,True
0.034,0.11540947376690637,0.5011633143102584,1.1112918344645248,0.023086967161198346,0.03351217328380036,0.003194299539860126,0.19506375417299016,-0.02543947344079063,0.22055251505209186,0.00453239844696801,0.006579059132604388,0.2908126162903036,297.95115148472115,3.141218919916295,3.131218919916295,0.009999999999999787,49963.282920346115,23148.9711545346,True
0.035,0.11880387005416833,0.5159034117899719,1.1113028930680842,0.023748352079490727,0.033424621007511826,0.0033219527486581385,0.19462655243142488,-0.026146320188711665,0.22024882585344335,0.00465577504419847,0.006552771149243576,0.2901988888856307,297.3223590022882,3.1412189199162954,3.1312189199162956,0.009999999999999787,50004.44243237567,23225.8690249948,True
0.036000000000000004,0.12219826634143029,0.5306435092696854,1.1113143896140925,0.024408233495816018,0.03333467523631617,0.0034523469542566245,0.19417789716547657,-0.026849722902736673,0.2199374074340471,0.004778327514960395,0.006525830552680611,0.28957193573133894,296.6800161196749,3.141218919916295,3.131218919916295,0.009999999999999787,50046.69832651003,23304.474345130675,True
0.037,0.1255926626286922,0.5453836067493987,1.1113263334963657,0.025066572695952236,0.03324234779257628,0.003585534741882822,0.19371788504579823,-0.027549604099654557,0.21961834659393106,0.0049000376998750645,0.00649824606625563,0.28893184555180323,296.02421373916076,3.1412189199162954,3.1312189199162956,0.009999999999999787,50090.04271590179,23384.748984444635,True
0.038,0.12898705891595416,0.5601237042291122,1.1113387342839673,0.025723331296718298,0.03314765075899652,0.0037215667794452956,0.19324661444124636,-0.028245887871212006,0.21929173188985393,0.005020887852382939,0.006470026572806705,0.2882787105412379,295.35504631803803,3.1412189199162954,3.1312189199162956,0.009999999999999787,50134.46754477939,23466.6545202937,True
0.039,0.13238145520321612,0.5748638017088257,1.1113516017146639,0.026378471251616714,0.03305059647324333,0.003860491796674184,0.1927641853472144,-0.02893849990347517,0.2189576535860524,0.005140860644785761,0.006441181108460868,0.28761262630619205,294.67261180969604,3.1412189199162954,3.1312189199162956,0.009999999999999787,50179.964592384655,23550.152279806247,True
0.04,0.13577585149047808,0.5896038991885392,1.1113649456883135,0.02703195485623273,0.03295119752250296,0.004002356566350828,0.19227069931366214,-0.029627367494604987,0.21861620360463316,0.005259939173925798,0.006411718856374811,0.286933691806359,293.9770116029773,3.1412189199162954,3.1312189199162956,0.009999999999999787,50226.52547695649,23635.203380693074,True
0.041,0.13917024777774004,0.6043439966682527,1.1113787762601945,0.0276837447533885,0.032849466737981406,0.004147205887600895,0.1917662593729354,-0.03031241957105678,0.21826747547566255,0.0053781069665018695,0.006381649140432311,0.28624200929379945,293.268350459909,3.1412189199162963,3.1312189199162965,0.009999999999999787,50274.141659756286,23721.768770899165,True
0.042,0.142564644065002,0.6190840941479663,1.1113931036342801,0.028333803938054347,0.032745417189351124,0.004295082571264483,0.19125096996747473,-0.03099358670220383,0.21791156428701022,0.005495347984022902,0.0063509814189053205,0.2855376842506515,292.5467364518841,3.1412189199162968,3.131218919916297,0.009999999999999787,50322.8044491309,23809.809267049623,True
0.043000000000000003,0.14595904035226395,0.6338241916276798,1.1114079381564683,0.02898209576201424,0.03263906217915072,0.004446027427300727,0.1907249368775019,-0.03167080111340418,0.21754856663401584,0.005611646627399703,0.006319725278086338,0.2848208253254503,291.81228089441754,3.1412189199162963,3.1312189199162965,0.009999999999999787,50372.505004610604,23899.28559164919,True
0.044,0.14935343663952588,0.6485642891073932,1.111423290307771,0.029628583938270833,0.03253041523715042,0.0046000792542082855,0.19018826714877798,-0.0323439966975134,0.21717858056901654,0.005726987741172975,0.006287890425899976,0.28409154426814015,291.0650982805634,3.1412189199162968,3.131218919916297,0.009999999999999787,50423.234341035495,23990.15840900264,True
0.045,0.15274783292678784,0.6633043865871067,1.1114391706974716,0.030273232545233036,0.03241949011466765,0.004757274830470169,0.18964106902052347,-0.03301310902487152,0.21680170555081757,0.00584135661738834,0.006255486685497333,0.28334995586386774,290.3053062130827,3.141218919916297,3.1312189199162974,0.009999999999999787,50474.983332709795,24082.388359831908,True
0.046,0.1561422292140498,0.6780444840668202,1.111455590056256,0.03091600603064046,0.032306300778860465,0.004917648907960145,0.18908345185358497,-0.03367807535176883,0.2164180423941335,0.005954738999111008,0.006222523988843505,0.2825961778656651,289.5330253354741,3.1412189199162963,3.1312189199162965,0.009999999999999787,50527.74271757755,24175.936094567147,True
0.047,0.15953662550131173,0.6927845815465336,1.1114725592293253,0.031556869215249195,0.03219086140699242,0.005081234207298118,0.1885155260589345,-0.03433883462741683,0.21602769321906976,0.006067121083587794,0.006189012370303163,0.28183033092611554,288.74837926196244,3.1412189199162968,3.131218919916297,0.009999999999999787,50581.50310141732,24270.762305298736,True
0.048,0.1629310217885737,0.707524679026247,1.111490089169496,0.03219578729627563,0.03207318638067647,0.005248061415122893,0.1879374030265834,-0.034995327499443576,0.21563076140069473,0.00617848952505877,0.006154961960231068,0.2810525385280995,287.9514945065446,3.1412189199162968,3.131218919916297,0.009999999999999787,50636.25496205192,24366.8277563817,True
0.049,0.16632541807583565,0.7222647765059605,1.1115081909302935,0.03283272585059965,0.03195329028010257,0.0054181591832469156,0.187349195054991,-0.03564749631793662,0.21522735151874836,0.006288831437221944,0.006120382978573718,0.2802629269147135,287.1425004111879,3.141218919916297,3.1312189199162974,0.009999999999999787,50691.98865356915,24464.09331368904,True
0.05,0.1697198143630976,0.737004873985674,1.1115268756590466,0.03346765083772935,0.031831187878254,0.005591554129658985,0.18675101528104515,-0.03629528513805849,0.21481756930754198,0.006398134395355204,0.006085285728488498,0.2794616250184594,286.3215290732819,3.141218919916297,3.1312189199162974,0.009999999999999787,50748.69441055082,24562.519972515336,True
0.051000000000000004,0.17311421065035956,0.7517449714653875,1.111546154589988,0.034100528602529004,0.03170689413511723,0.005768270841328985,0.1861429776106871,-0.03693863972126328,0.21440152160608864,0.0065063864380995465,0.006049680589986077,0.27864876438979774,285.48871527243716,3.1412189199162968,3.131218919916297,0.009999999999999787,50806.36235230516,24662.06888413707,True
0.052000000000000005,0.17650860693762152,0.766485068945101,1.1115660390373672,0.0347313258777128,0.031580424191889986,0.005948331878788153,0.1855251966502562,-0.03757750753513811,0.21397931630852735,0.006613576068908888,0.006013578013602433,0.2778244791251627,284.6441963967336,3.141218919916297,3.1312189199162974,0.009999999999999787,50864.98248710033,24762.701381039555,True
0.053,0.17990300322488345,0.7812251664248144,1.111586540388583,0.03536000978610689,0.031451793365192084,0.006131757782424429,0.18489778763861714,-0.03821183775190551,0.21355106231486307,0.006719692257170811,0.005976988514105459,0.27698890579452456,283.7881123685048,3.141218919916297,3.1312189199162974,0.009999999999999787,50924.544716395736,24864.37900082398,True
0.054,0.1832973995121454,0.7959652639045279,1.1116076700973385,0.035986547842682404,0.03132101714128368,0.006318567080466301,0.18426086638014097,-0.038841581245611816,0.2131168694820856,0.006824724439004234,0.0059399226642423055,0.27614218336859564,282.920605569757,3.1412189199162968,3.131218919916297,0.009999999999999787,50985.03883906632,24967.063508813415,True
0.055,0.18669179579940737,0.8107053613842414,1.1116294396768274,0.0366109079563625,0.031188111170295164,0.00650877629859576,0.18361454917859815,-0.039466690588038096,0.2126768485756967,0.0069286625177393145,0.005902391088532318,0.275284453145769,282.04182076731456,3.1412189199162968,3.131218919916297,0.009999999999999787,51046.45455561833,25070.716919376864,True
0.056,0.19008619208666933,0.8254454588639549,1.1116518606929546,0.03723305843160677,0.031053091260473068,0.0067023999711443944,0.1829589527720238,-0.040087120043367244,0.212231111221691,0.007031496864085759,0.005864404457110898,0.2744158586788819,281.15190503778547,3.141218919916296,3.131218919916296,0.009999999999999787,51108.78147239264,25175.30151599561,True
0.057,0.19348058837393126,0.8401855563436683,1.111674944757599,0.03785296796977616,0.03091597337244624,0.006899450653841672,0.18229419426861487,-0.0407028255616361,0.21177976985902103,0.0071332183159954375,0.00582597347962897,0.27353654570187275,280.25100769241783,3.141218919916295,3.131218919916295,0.009999999999999787,51172.00910575258,25280.779870097434,True
0.058,0.19687498466119321,0.8549256538233818,1.1116987035219201,0.03847060567028221,0.03077677361351608,0.007099938938031639,0.18162039108370517,-0.04131376477101886,0.21132293769259852,0.007233818178226411,0.005787108899213189,0.27264666205645144,279.3392802019708,3.1412189199162923,3.1312189199162925,0.009999999999999787,51236.12688625306,25387.114858687168,True
0.059000000000000004,0.20026938094845517,0.8696657513030954,1.1117231486697163,0.03908594103152416,0.03063550823197503,0.007303873466338222,0.18093766087787447,-0.04191989696896839,0.21086072864683933,0.007333288221614,0.005747821486490654,0.2717463576188247,278.41687612164054,3.14121891991629,3.1312189199162903,0.009999999999999787,51301.1241627888,25494.2696808029,True
0.06,0.2036637772357171,0.8844058487828088,1.111748291910839,0.039698943951618104,0.030492193611457063,0.007511260949712729,0.18024612149623626,-0.042521183112257076,0.21039325731981826,0.007431620682057062,0.005708122033683371,0.2708357842265931,277.4839510161633,3.141218919916285,3.1312189199162854,0.009999999999999787,51366.990206718125,25602.20787283009,True
0.061,0.20705817352297906,0.8991459462625223,1.11177414497467,0.040309584728922467,0.030346846265321737,0.007722106185798777,0.17954589090892717,-0.04311758580595865,0.20992063893801527,0.007528808259224756,0.005668021348774776,0.2699150956058584,276.5406623851331,3.141218919916283,3.131218919916283,0.009999999999999787,51433.71421596138,25710.893322704786,True
0.062,0.21045256981024102,0.9138860437422358,1.1118007196036548,0.04091783406236227,0.030199482831082584,0.007936412078605683,0.17883708715290722,-0.043709069291398235,0.20944298931176458,0.0076248441149937745,0.00562753024975589,0.2689844472986882,275.58716958868627,3.1412189199162825,3.1312189199162828,0.009999999999999787,51501.28531906681,25820.290283044527,True
0.063,0.21384696609750298,0.9286261412219493,1.1118280275469077,0.04152366305155925,0.03005012006487481,0.0081541796593813,0.1781198282750283,-0.044295599433124146,0.20896042479134577,0.007719721871620656,0.005586659558950684,0.2680439965909397,274.6236337735531,3.141218919916283,3.131218919916283,0.009999999999999787,51569.6925792459,25930.36338323738,True
0.064,0.21724136238476494,0.9433662387016628,1.1118560805538995,0.042127043196771144,0.029898774835966486,0.008375408108650404,0.17739423227641377,-0.044877143704932114,0.20847306222376608,0.00781343560965728,0.005545420097424994,0.26709390244052195,273.6502177995594,3.1412189199162825,3.1312189199162828,0.009999999999999787,51638.92499837713,26041.077640523716,True
0.065,0.2206357586720269,0.9581063361813763,1.1118848903682104,0.04272794639864372,0.02974546412132222,0.008600094779377907,0.17666041705823343,-0.0454536711749829,0.20798101891029366,0.007905979865618373,0.005503822679484355,0.26613432540621723,272.66708616670076,3.1412189199162825,3.1312189199162828,0.009999999999999787,51708.97152096953,26152.3984701123,True
0.066,0.22403015495928885,0.9728464336610898,1.1119144687213678,0.0433263449577815,0.029590205000217737,0.008828235221188613,0.17591850036886086,-0.046025152490053754,0.20748441256472325,0.007997349629407395,0.005461878107261815,0.2651654275770826,271.6744049428108,3.141218919916283,3.131218919916283,0.009999999999999787,51779.821038088914,26264.291694362833,True
0.067,0.22742455124655078,0.9875865311408032,1.1119448273267676,0.043922211574141376,0.029433014648909343,0.009059823205587434,0.17516859975244528,-0.04659155985896488,0.20698336127242017,0.008087540341509464,0.005419597165399491,0.2641873725025228,270.6723416919177,3.141218919916283,3.131218919916283,0.009999999999999787,51851.462391242945,26376.723551072857,True
0.068,0.23081894753381274,1.0023266286205168,1.111975977873683,0.044515519346254154,0.02927391033536096,0.009294850752131985,0.17441083249892286,-0.047152867035218905,0.20647798345013263,0.008176547889958084,0.005376990615825742,0.2632003251230717,269.661065403327,3.141218919916283,3.131218919916283,0.009999999999999787,51923.88437622335,26489.660700905057,True
0.069,0.2342133438210747,1.0170667261002302,1.1120079320213634,0.04510624177027884,0.029112909414031413,0.009533308155494708,0.17364531559548294,-0.04770904929889578,0.20596839780660775,0.008264368607084223,0.005334069192630956,0.262204451701962,268.64074642151064,3.141218919916283,3.131218919916283,0.009999999999999787,51997.075746902985,26603.07023399177,True
0.07,0.23760774010833666,1.0318068235799438,1.1120407013932256,0.04569435273889477,0.02895002932072431,0.00977518401336689,0.17287216567950836,-0.04826008343784074,0.20545472330403056,0.008350999266055812,0.005290843597044255,0.2611999197575392,267.6115563768629,3.1412189199162825,3.1312189199162828,0.009999999999999787,52071.02521898641,26716.9196757524,True
0.07100000000000001,0.24100213639559862,1.0465469210596572,1.1120742975711437,0.04627982654003639,0.028785287567503023,0.010020465255147057,0.17209149899300086,-0.04880594772818654,0.20493707912026693,0.008436437077214242,0.005247324492512364,0.2601868979965539,266.57366811735443,3.141218919916282,3.1312189199162823,0.009999999999999787,52145.72147371224,26831.17699195921,True
0.07200000000000001,0.24439653268286057,1.0612870185393708,1.1121087320898344,0.046862637855476,0.02861870173767274,0.010269137171359353,0.17130343133850245,-0.04934662191424937,0.20441558461195933,0.008520679684217252,0.005203522499883488,0.2591655562484126,265.5272556411696,3.141218919916282,3.1312189199162823,0.009999999999999787,52221.15316150502,26945.810593087233,True
0.073,0.24779092897012248,1.076027116019084,1.1121440164313459,0.047442761759259364,0.02845028948083187,0.01052118344375275,0.1705080780365226,-0.04988208718783597,0.2038903592784586,0.00860372515999494,0.005159448192697157,0.2581360654004145,264.47249403035346,3.141218919916282,3.1312189199162823,0.009999999999999787,52297.30890557614,27060.78933798196,True
0.074,0.2511853252573844,1.0907672134987974,1.1121801620196483,0.04802017371599934,0.02828006850799454,0.010776586176020226,0.16970555388447192,-0.05041232616700397,0.20336152272660168,0.0086855720025268,0.005115112092581598,0.2570985973340296,263.40955938552554,3.1412189199162817,3.131218919916282,0.009999999999999787,52374.17730547131,27176.08253687949,True
0.075,0.25457972154464636,1.105507310978511,1.1122171802153311,0.04859484957903283,0.02810805658678617,0.011035325925100458,0.16889597311711235,-0.0509373228743088,0.2028291946363538,0.008766219130448017,0.005070524664760252,0.2560533248622613,262.338628761705,3.1412189199162803,3.1312189199162805,0.009999999999999787,52451.74694056438,27291.6599538116,True
0.076,0.2579741178319083,1.1202474084582243,1.1122550823104052,0.04916676558844582,0.027934271536713563,0.011297381732993203,0.16807944936851574,-0.051457062714580906,0.2022934947273029,0.008845665878491959,0.005025696313668111,0.25500042166813397,261.2598801052884,3.1412189199162786,3.1312189199162788,0.009999999999999787,52530.00637349486,27407.49180842869,True
0.077,0.2613685141191703,1.134987505937938,1.1122938795232167,0.049735898368972103,0.02775873122451131,0.0115627311590562,0.16725609563553778,-0.051971532452264005,0.20175454272601753,0.008923911992776845,0.004980637378679063,0.25394006224434157,260.17349219221643,3.141218919916276,3.131218919916276,0.009999999999999787,52608.94415354991,27523.548777271342,True
0.078,0.26476291040643224,1.1497276034176513,1.1123335829934684,0.05030222492777041,0.027581453559565684,0.011831350312716583,0.166426024242794,-0.05248072018835817,0.20121245833426635,0.00900095762594392,0.004935358129944942,0.2528724218341002,259.0796445673751,3.14121891991627,3.1312189199162703,0.009999999999999787,52688.54881998756,27639.801994522026,True
0.079,0.2681573066936942,1.164467700897365,1.1123742037773554,0.050865722652085305,0.02740245648941756,0.012103213886569014,0.1655893468091426,-0.052984615336995035,0.20066736119809922,0.00907680333215451,0.004889868764346896,0.25179767637322836,257.97851748525403,3.141218919916263,3.131218919916263,0.009999999999999787,52768.80890530237,27756.22305226566,True
0.08,0.27155170298095616,1.1792077983770783,1.1124157528428111,0.051426369306796844,0.02722175799534523,0.012378295189791735,0.16474617421565335,-0.053483208601689834,0.20011937087778614,0.009151450061953198,0.0048441794015595015,0.25071600243349623,256.870291851905,3.14121891991625,3.1312189199162503,0.009999999999999787,52849.712938430835,27872.784000288782,True
0.081,0.2749460992682181,1.193947895856792,1.112458241064869,0.05198414303186388,0.02703937608802849,0.01265656618185209,0.1638966165750642,-0.05397649195129644,0.19956860681860944,0.009224899157004113,0.004798300080227902,0.24962757716726333,255.75514916822092,3.141218919916233,3.131218919916233,0.009999999999999787,52931.24944789691,27989.457345444363,True
0.082,0.27834049555548007,1.2086879933365053,1.1125016792211386,0.05253902233966652,0.026855328803294713,0.012937997506448876,0.16304078320270593,-0.05446445859570432,0.19901518832251128,0.009297152344707764,0.004752240754258279,0.24853257825343855,254.63327147456914,3.1412189199162066,3.131218919916207,0.009999999999999787,53013.40696489707,28106.216050609382,True
0.083,0.28173489184274203,1.223428090816219,1.112546077987418,0.05309098611224328,0.026669634197951386,0.013222558525631818,0.16217878258880036,-0.05494710296129893,0.19845923452050634,0.009368211732699527,0.004706011289220256,0.2474311838446865,253.50484129670187,3.141218919916192,3.131218919916192,0.009999999999999787,53096.174026329034,28223.033533254784,True
0.084,0.285129288130004,1.2381681882959326,1.1125914479333683,0.053640013598459324,0.02648231034569333,0.013510217354113367,0.16131072237241578,-0.05542442066625077,0.1979008643461232,0.009438079803255287,0.004659621458865657,0.24632357251624282,252.37004159331528,3.1412189199161915,3.1312189199161917,0.009999999999999787,53179.539177743616,28339.88366367555,True
0.085,0.28852368441726595,1.252908285775646,1.1126377995183308,0.054186084411078285,0.02629337533309807,0.013800940893679142,0.16043670931674361,-0.05589640849562879,0.19734019650957385,0.009506759407591055,0.004613080941758317,0.2452099232159851,251.22905570489456,3.1412189199161915,3.1312189199161917,0.009999999999999787,53263.490976240806,28456.740762880923,True
0.08600000000000001,0.2919180807045279,1.2676483832553596,1.1126851430873035,0.05472917852373404,0.026102847255713327,0.014094694867625476,0.15955684928561042,-0.05636306437636387,0.19677734947260295,0.00957425376005909,0.004566399318014291,0.24409041521572936,250.0820673038151,3.1412189199161915,3.1312189199161917,0.009999999999999787,53348.01799331648,28573.579600160785,True
0.08700000000000001,0.29531247699178986,1.282388480735073,1.1127334888669846,0.05526927626784668,0.02591074421422118,0.014391443855276206,0.15867124722157872,-0.056824387352128504,0.1962124414243166,0.00964056643226938,0.004519586066156949,0.24296522806416007,248.9292603461169,3.141218919916192,3.131218919916192,0.009999999999999787,53433.108817630615,28690.37539038097,True
0.088,0.29870687327905177,1.2971285782147863,1.1127828469619474,0.05580635832946007,0.025717084310690166,0.014691151326480889,0.15778000712535223,-0.05728037755813499,0.19564559025775147,0.009705701347126429,0.004472650560082593,0.24183454154112027,247.77081902467276,3.141218919916192,3.131218919916192,0.009999999999999787,53518.75205771641,28807.10379100741,True
0.089,0.3021012695663137,1.3118686756944997,1.1128332273509332,0.05634040574601175,0.025521885644913013,0.014993779676074154,0.15688323203652493,-0.05773103619588532,0.1950769135472196,0.00976966277279077,0.0044256020661367045,0.24069853561333576,246.6069277238257,3.141218919916191,3.1312189199161913,0.009999999999999787,53604.93634462659,28923.74089888367,True
0.09,0.3054956658535757,1.3266087731742133,1.1128846398832608,0.05687139990303971,0.025325166310830108,0.015299290258258628,0.1559810240156497,-0.058176365507900195,0.1945065285264351,0.0098324553165719,0.004378449740300482,0.23955739039159815,245.4377709755208,3.141218919916192,3.131218919916192,0.009999999999999787,53691.650334515696,29040.263246781673,True
0.091,0.30889006214083764,1.3413488706539267,1.112937094275352,0.05739932253083059,0.025126944393038753,0.015607643420881785,0.15507348412760277,-0.058616368752451915,0.1939345520673819,0.009894083918756904,0.004331202625486218,0.23841128608939227,244.26353341691726,3.1412189199161915,3.1312189199161917,0.009999999999999787,53778.8827111587,29156.647799743852,True
0.092,0.3122844584280996,1.3560889681336403,1.1129906001073742,0.0579241557010135,0.024927237963388152,0.01591879853957252,0.15416071242621895,-0.05905105017832639,0.19336110065992104,0.009954553846380847,0.004283869648940856,0.2372604029829858,243.0843997494982,3.1412189199161915,3.1312189199161917,0.009999999999999787,53866.6221884066,29272.87195123369,True
0.093,0.31567885471536156,1.3708290656133537,1.1130451668199968,0.05844588182310381,0.02472606507765998,0.016232714051707932,0.15324280794017098,-0.05948041499963782,0.19278629039212528,0.010013870686944294,0.004236459619756784,0.23610492137298617,241.9005546996839,3.141218919916191,3.1312189199161913,0.009999999999999787,53954.85751257787,29388.913519112102,True
0.094,0.31907325100262346,1.385569163093067,1.113100803711265,0.058964483641001174,0.024523443772334313,0.01654934749018134,0.15231986866006703,-0.05990446937071885,0.19221023693130762,0.01007204034208219,0.004188981226488386,0.23494502154735505,240.71218298093865,3.141218919916191,3.1312189199161913,0.009999999999999787,54043.57746478741,29504.75074145465,True
0.095,0.3224676472898854,1.4003092605727805,1.1131575199335866,0.05947994422944566,0.024319392061440608,0.016868655516944837,0.15139199152673785,-0.0603232203611081,0.19163305550574675,0.010129069021189898,0.004141443034873628,0.2337808837458949,239.51946925738514,3.141218919916191,3.1312189199161913,0.009999999999999787,54132.77086321202,29620.362272225146,True
0.096,0.3258620435771474,1.415049358052494,1.1132153244908312,0.05999224699043617,0.02411392793349345,0.017190593956296314,0.1504592724206865,-0.06073667593065567,0.19105486088706927,0.010184963235009973,0.004093853485658967,0.23261268812619287,238.32259810891279,3.14121891991619,3.1312189199161904,0.009999999999999787,54222.426565293164,29735.727176819666,True
0.097,0.32925643986440933,1.4297894555322075,1.1132742262355437,0.060501375649615,0.023907069348512514,0.017515117827894753,0.1495218061526725,-0.06114484490476634,0.19047576737328933,0.010239729789185087,0.004046220892526683,0.23144061473102798,237.12175399778462,3.1412189199161897,3.13121891991619,0.009999999999999787,54312.53346987732,29850.82492749448,True
0.098,0.3326508361516713,1.444529553011921,1.1133342338662686,0.06100731425262227,0.02369883423512633,0.017842181379467238,0.14857968645539898,-0.061547736949800494,0.18989588877247435,0.010293375777780767,0.003998553440123054,0.23026484345723608,235.9171212367381,3.1412189199161884,3.1312189199161886,0.009999999999999787,54403.080519294315,29965.635398690625,True
0.099,0.33604523243893325,1.4592696504916345,1.113395355924985,0.06151004716142406,0.023489240487759213,0.01817173811919697,0.14763300597627618,-0.06194536254864944,0.1893153383870164,0.010345908576781975,0.00395085918218594,0.22908555402602057,234.70888395856696,3.1412189199161866,3.131218919916187,0.009999999999999787,54494.05670137421,30080.138862267075,True
0.1,0.3394396287261952,1.474009747971348,1.1134576007946493,0.062009559050617606,0.02327830596390083,0.01850374084776552,0.1466818562712303,-0.06233773297650298,0.18873422899849912,0.010397335837567953,0.003903146039770578,0.22790292595471207,233.49722608718776,3.141218919916183,3.1312189199161833,0.009999999999999787,54585.451051402284,30194.31598265439,True
0.101,0.34283402501345717,1.4887498454510617,1.11352097669685,0.06250583490371739,0.023066048481457616,0.018838141690031455,0.14572632779952718,-0.06272486027682546,0.18815267285312173,0.01044766548036812,0.0038554217995717096,0.22671713852995487,232.2823313101681,3.1412189199161786,3.131218919916179,0.009999999999999787,54677.252654014555,30308.14781193854,True
0.10200000000000001,0.3462284213007191,1.503489942930775,1.1135854916895644,0.06299886000942526,0.022852485816185396,0.019174892126325872,0.14476650991958376,-0.06310675723755425,0.18757078164768315,0.010496905687703843,0.003807694112341071,0.2255283707823305,231.06438305272732,3.141218919916171,3.1312189199161713,0.009999999999999787,54769.45064503201,30421.615784886406,True
0.10300000000000001,0.3496228175879811,1.5182300404104887,1.1136511536650249,0.06348861995788797,0.022637635699202376,0.0195139430233482,0.14380249088573135,-0.06348343736753786,0.18698866651608012,0.010545064897818054,0.003759970491398172,0.22433680146238696,229.84356445317715,3.1412189199161604,3.1312189199161606,0.009999999999999787,54862.03421323579,30534.701713921357,True
0.10400000000000001,0.35301721387524304,1.532970137890202,1.1137179703476867,0.06397510063694532,0.022421515814581648,0.019855244664642432,0.1428343578459054,-0.06385491487322478,0.18640643801630966,0.010592151798096559,0.003712258311233056,0.22314260901807637,228.6200583398058,3.1412189199161453,3.1312189199161455,0.009999999999999787,54954.99260208363,30647.38778405822,True
0.105,0.35641161016250494,1.5477102353699155,1.1137859492923643,0.06445828822835159,0.02220414379704625,0.02019874678068609,0.1418621968400174,-0.06422120463556387,0.18582420611778058,0.010638175318470144,0.003664564806199789,0.2219459715732893,227.39404720888527,3.1412189199161715,3.1312189199161717,0.009999999999999787,55048.3151113872,30759.656547789586,True
0.106,0.3598060064497669,1.5624503328496289,1.1138550978821902,0.06493816920408228,0.02198553722963883,0.020544398578378024,0.140886092800121,-0.06458232218740452,0.18524208018985053,0.010683144624875159,0.003616897069297783,0.2207470669090384,226.16571320539288,3.1412189199161715,3.1312189199161717,0.009999999999999787,55141.99109884734,30871.490920020067,True
0.107,0.36320040273702886,1.5771904303293425,1.1139254233271598,0.0654147303224851,0.021765713641648556,0.020892148770328082,0.13990612954977463,-0.06493828369079466,0.18466016898944407,0.010727069112606654,0.0035692620510416493,0.21954607244377677,224.9352381028469,3.1412189199161715,3.1312189199161717,0.009999999999999787,55236.00998168069,30982.874172856948,True
0.108,0.3665947990242908,1.5919305278090559,1.1139969326623482,0.06588795862456971,0.02154469050645533,0.021241945603456148,0.13892238980565297,-0.06528910591491646,0.1840785806502797,0.010769958399768707,0.0035216665584155674,0.21834316521702468,223.70280328653104,3.1412189199161715,3.1312189199161717,0.009999999999999787,55330.36123805985,31093.789930502102,True
0.109,0.3699891953115528,1.6066706252887695,1.1140696327464084,0.06635784143024291,0.021322485239518227,0.021593736887207955,0.13793495517929721,-0.06563480621418012,0.18349742267196367,0.01081182232068819,0.0034741172539120633,0.21713852187346927,222.46858973720398,3.141218919916172,3.131218919916172,0.009999999999999787,55425.034408554995,31204.222164091927,True
0.11,0.37338359159881473,1.6214107227684829,1.1141435302601352,0.06682436633456133,0.02109911519642587,0.021947470021266017,0.1369439061797182,-0.0659754025066577,0.1829168019095424,0.010852670919342642,0.0034266206546530753,0.215932318648526,221.23277801630647,3.1412189199161715,3.1312189199161717,0.009999999999999787,55520.0190975117,31314.15518654746,True
0.111,0.3767779878860767,1.6361508202481965,1.11421863170512,0.06728752120399448,0.020874597671019283,0.022303092022764523,0.1359493222167169,-0.06631091325284047,0.18233682456339606,0.010892514442797017,0.003379183131591664,0.2147247313551957,219.99554825249558,3.1412189199161715,3.1312189199161717,0.009999999999999787,55615.30497437406,31423.573647433364,True
0.112,0.38017238417333865,1.6508909177279099,1.114294943402498,0.06774729417270023,0.020648949893586305,0.022660549552998163,0.13495128160488956,-0.06664135743472706,0.18175759616946596,0.010931363334651951,0.0033318109087930527,0.2135159353722095,218.75708012949877,3.141218919916172,3.131218919916172,0.009999999999999787,55710.88177495579,31532.462527829535,True
0.113,0.3835667804606006,1.6656310152076235,1.1143724714917849,0.0682036736388149,0.020422189029126393,0.023019788943622027,0.13394986156829183,-0.06696675453524793,0.18117922158977226,0.010969228228504126,0.003284510062793049,0.21230610563342592,217.51755287525066,3.1412189199161715,3.1312189199161717,0.009999999999999787,55806.73930265808,31640.807135221487,True
0.114,0.3869611767478625,1.6803711126873366,1.1144512219298015,0.06865664826076043,0.020194332175684684,0.02338075622233274,0.13294513824572937,-0.06728712451803323,0.18060180500321343,0.011006119941421096,0.0032372865220324865,0.2110954166184729,216.27714525230536,3.1412189199161715,3.1312189199161717,0.009999999999999787,55902.86742963702,31748.593098412886,True
0.115,0.39035557303512447,1.6951112101670502,1.1145312004896855,0.06910620695357039,0.01996539636275417,0.023743397138030687,0.13193718669665142,-0.06760248780752803,0.18002544989662456,0.011042049467432029,0.0031901460663661704,0.20988404234461214,215.03603554950115,3.141218919916171,3.1312189199161713,0.009999999999999787,55999.25609792032,31855.806362465126,True
0.116,0.39374996932238643,1.7098513076467636,1.114612412759986,0.06955233888523706,0.019735398549744758,0.024107657185455964,0.13092608090761612,-0.06791286526946055,0.17945025905606682,0.011077027971035382,0.003143094326644637,0.2086721563598023,213.79440157485323,3.1412189199161715,3.1312189199161717,0.009999999999999787,56095.895320474134,31962.433183667585,True
0.117,0.3971443656096484,1.7245914051264772,1.1146948641438423,0.06999503347308138,0.01950435562451801,0.024473481629296377,0.1299118937993033,-0.06821827819166626,0.17887633455832827,0.011111066780724812,0.0030961367843672645,0.20745993173694138,212.55242064965503,3.1412189199161706,3.131218919916171,0.009999999999999787,56192.77518222171,32068.460124541973,True
0.11800000000000001,0.40053876189691034,1.7393315026061908,1.1147785598582445,0.07043428038014751,0.01927228440198636,0.02484081552776456,0.12889469723404412,-0.06851874826527281,0.17830377776261758,0.011144177382534672,0.0030492787714052933,0.20624754106926785,211.31026960376622,3.1412189199161706,3.131218919916171,0.009999999999999787,56289.88584101428,32173.87404888396,True
0.11900000000000001,0.4039331581841723,1.7540716000859042,1.114863504933369,0.07087006951162393,0.019039201622775635,0.025209603755644305,0.12787456202384706,-0.0688142975662465,0.17773268930242173,0.011176371413605607,0.0030025254697931673,0.20503515646689394,210.06812477206108,3.1412189199161693,3.1312189199161695,0.009999999999999787,56387.2175285543,32278.662116845793,True
0.12,0.4073275544714342,1.7688116975656176,1.1149497042119971,0.07130239101129252,0.018805123951949505,0.02557979102680269,0.12685155793888925,-0.06910494853730462,0.17716316907752439,0.01120766065577226,0.002955881911587028,0.20382294955446023,208.82616199202536,3.141218919916168,3.131218919916168,0.009999999999999787,56484.760551273925,32382.81178006143,True
0.121,0.41072195075869616,1.783551795045331,1.1150371623490045,0.07173123525800705,0.01857006797779475,0.02595132191616724,0.12582575371644872,-0.06939072397019469,0.17659531624612862,0.011238057029171626,0.002909352978788357,0.2026110914698643,207.5845566024539,3.141218919916166,3.1312189199161664,0.009999999999999787,56582.505291167516,32486.310776817754,True
0.122,0.4141163470459581,1.7982918925250446,1.1151258838109304,0.0721565928622027,0.01833405021066786,0.026324140881183067,0.1247972170702484,-0.06967164698833654,0.1760292292171091,0.011267572585875598,0.0028629434033324405,0.20139975286405568,206.3434834432403,3.1412189199161644,3.1312189199161646,0.009999999999999787,56680.442206581676,32589.147127273012,True
0.123,0.4175107433332201,1.813031990004758,1.1152158728756087,0.07257845466243863,0.018097087081895533,0.026698192282715538,0.12376601470021513,-0.06994774102984397,0.17546500564234208,0.011296219503546598,0.002816657767138807,0.2001891039018979,205.1031168562604,3.1412189199161644,3.1312189199161646,0.009999999999999787,56778.56183295896,32691.309128726843,True
0.124,0.42090513962048204,1.8277720874844716,1.1153071336318738,0.07299681172197409,0.017859194942733796,0.027073420405432837,0.12273221230260006,-0.07021902983091198,0.174902742409115,0.011324010079117932,0.0027705005022235826,0.19897931426404192,203.8636306872916,3.141218919916165,3.131218919916165,0.009999999999999787,56876.85478354063,32792.7853509415,True
0.125,0.424299535907744,1.842512184964185,1.1153996699793411,0.07341165532537838,0.017620390063387066,0.027449769477674663,0.12169587458042211,-0.07048553740956325,0.17434253563255858,0.01135095672249672,0.002724475890872263,0.19777055314974384,202.62519828889953,3.1412189199161644,3.1312189199161646,0.009999999999999787,56975.31175003059,32893.56463151523,True
0.126,0.42769393219500595,1.8572522824438986,1.115493485628247,0.07382297697517802,0.017380688632077264,0.02782718369077949,0.12065706525426187,-0.07074728804977358,0.1737844806481302,0.011377071950293345,0.002678588065871097,0.1965629892806926,201.3879925243601,3.1412189199161644,3.1312189199161646,0.009999999999999787,57073.92350321613,32993.636071312176,True
0.127,0.4310883284822679,1.871992379923612,1.115588584099355,0.07423076838854069,0.017140106754167477,0.028205607217895515,0.11961584707335104,-0.071004306285962,0.1732286720041007,0.011402368379575601,0.002632841010796272,0.19535679090575925,200.15218577252497,3.1412189199161644,3.1312189199161646,0.009999999999999787,57172.68089354994,33092.98902994824,True
0.128,0.43448272476952987,1.8867324774033256,1.115684968723925,0.07463502149399728,0.016898660451337682,0.02858498423227206,0.1185722818269426,-0.07125661688784748,0.1726752034540447,0.011426858721648931,0.0025872385603597945,0.19415212580666383,198.91794993362782,3.1412189199161644,3.1312189199161646,0.009999999999999787,57271.57485169357,33191.613121334405,True
0.129,0.43787712105679183,1.901472574883039,1.1157826426437447,0.07503572842820302,0.01665636566081121,0.02896525892503841,0.1175264303559424,-0.0715042448456703,0.1721241679492962,0.011450555775861763,0.0025417844008106057,0.19294916130451417,197.6854564359835,3.141218919916165,3.131218919916165,0.009999999999999787,57370.59638902319,33289.49820927864,True
0.13,0.4412715173440538,1.9162126723627526,1.1158816088112185,0.07543288153273857,0.016413238234630773,0.029346375522471917,0.11647835256478091,-0.07174721535577659,0.1715756576313783,0.011473472423437742,0.002496482070390203,0.19174806426720695,196.45487624357077,3.1412189199161644,3.1312189199161646,0.009999999999999787,57469.736598098454,33386.63440314733,True
0.131,0.44466591363131575,1.930952769842466,1.115981869989517,0.07582647335095159,0.01616929393898285,0.02972827830276201,0.11542810743350673,-0.07198555380656331,0.1710297638243671,0.011495621621333416,0.002451334959841357,0.1905490011176445,195.22637986445085,3.141218919916165,3.131218919916165,0.009999999999999787,57568.98665309626,33483.0120535864,True
0.132,0.4480603099185777,1.9456928673221796,1.116083428752779,0.07621649662483992,0.01592454845356909,0.03011091161227527,0.11437575303008206,-0.07221928576478152,0.17048657702719358,0.011517016396122912,0.0024063463129691464,0.18935213784274807,194.00013736000193,3.141218919916165,3.131218919916165,0.009999999999999787,57668.33781020807,33578.6217483041,True
0.133,0.45145470620583966,1.9604329648018932,1.1161862874863722,0.07660294429197673,0.015679017371023674,0.030494219881324978,0.11332134652286185,-0.07244843696219519,0.16994618690585822,0.011537669837908842,0.0023615192272531975,0.1881576400032317,192.77631835493293,3.1412189199161644,3.1312189199161646,0.009999999999999787,57767.781408005045,33673.45430791407,True
0.134,0.45484910249310156,1.9751730622816064,1.1162904483872014,0.07698580948247828,0.015432716196375356,0.030878147639455587,0.11226494419324042,-0.07267303328259185,0.16940868228555317,0.011557595094260326,0.00231685665451027,0.1869656727441061,191.55509204804522,3.1412189199161644,3.1312189199161646,0.009999999999999787,57867.30886776818,33767.5007818412,True
0.135,0.4582434987803635,1.98991315976132,1.1163959134640735,0.07736508551601491,0.015185660346552936,0.03126263953024322,0.11120660144844616,-0.07289310074914249,0.1688741511426666,0.011576805364177241,0.0022723614016061026,0.18577640080587404,190.33662722370283,3.141218919916165,3.131218919916165,0.009999999999999787,57966.91169378778,33860.75244428845,True
0.136,0.4616378950676255,2.0046532572410336,1.1165026845381065,0.0777407658988657,0.01493786514993315,0.0316476403256215,0.110146372834469,-0.07310866551210708,0.16834268059667154,0.011595313892081948,0.0022280361312158607,0.18458998853639083,189.12109226398414,3.1412189199161644,3.1312189199161646,0.009999999999999787,58066.58147362995,33953.20079026705,True
0.137,0.46503229135488744,2.019393354720747,1.116610763243191,0.07811284432101714,0.01468934584592963,0.03203309493974017,0.10908431204910517,-0.07331975383688132,0.16781435690187055,0.011613133961837328,0.0021838833626320843,0.18340659990334127,187.90865516146494,3.1412189199161644,3.1312189199161646,0.009999999999999787,58166.309878374115,34044.83753168804,True
0.138,0.4684266876421494,2.0341334522004604,1.116720151026494,0.07848131465330636,0.01444011758462189,0.03241894844235831,0.10802047195510174,-0.07352639209238179,0.1672892654390121,0.011630278890793136,0.0021399054726196974,0.18222639850731812,186.69948353261802,3.1412189199161644,3.1312189199161646,0.009999999999999787,58266.088662819246,34135.65459351711,True
0.139,0.47182108392941136,2.0488735496801738,1.1168308491490098,0.07884617094460906,0.014190195426423191,0.03280514607178975,0.1069549045933895,-0.07372860673976407,0.16676749070673472,0.011646762023858524,0.0020961046963168537,0.1810495475954324,185.4937446317577,3.1412189199161644,3.1312189199161646,0.009999999999999787,58365.90966566226,34225.64410999146,True
0.14,0.4752154802166733,2.0636136471598876,1.1169428586861543,0.07920740741907248,0.013939594341786102,0.03319163324739484,0.1058876611963867,-0.07392642432147067,0.16624911631285755,0.011662596727602646,0.0020524831281812286,0.17987621007544377,184.29160536551672,3.1412189199161644,3.1312189199161646,0.009999999999999787,58465.76480964811,34314.798420899,True
0.14100000000000001,0.47860987650393527,2.078353744639601,1.1170561805284003,0.07956501847339395,0.01368832921094563,0.033578355581639234,0.1048187922013572,-0.074119871450602,0.16573422496549714,0.011677796384382978,0.002009042722981048,0.17870654853034817,183.09323230779236,3.141218919916165,3.131218919916165,0.009999999999999787,58565.64610169292,34403.110067919915,True
0.14200000000000002,0.48200427279119723,2.0930938421193144,1.1171708153819508,0.07991899867414404,0.01343641482369508,0.03396525889171012,0.10374834726382554,-0.07430897480061344,0.16522289846400484,0.011692374386501364,0.001965785296829637,0.17754072523340544,181.89879171514266,3.141218919916164,3.131218919916164,0.009999999999999787,58665.545632979345,34490.57179103016,True
0.14300000000000002,0.4853986690784592,2.1078339395990278,1.117286763769454,0.08026934275513596,0.013183865879199104,0.03435228921071427,0.10267637527101245,-0.0744937610953225,0.16471521768972006,0.0117063441303885,0.001922712528263684,0.17637890216353178,180.70844954255682,3.1412189199161644,3.1312189199161646,0.009999999999999787,58765.45557902759,34577.17652496677,True
0.14400000000000002,0.48879306536572115,2.1225740370787416,1.1174040260307545,0.08061604561484073,0.012930696985839702,0.03473939279846477,0.10160292435529374,-0.07467425709922768,0.16421126259652472,0.011719719010816346,0.0018798259593640152,0.17522124102101613,179.52237145955738,3.141218919916165,3.131218919916165,0.009999999999999787,58865.36819974152,34662.91739575438,True
0.145,0.492187461652983,2.1373141345584545,1.1175226023236824,0.08095910231384768,0.012676922661093819,0.03512651615185171,0.10052804190767009,-0.07485048960813488,0.16371111220121704,0.011732512415140426,0.0018371269969185207,0.1740679032435355,178.34072286660862,3.141218919916165,3.131218919916165,0.009999999999999787,58965.275839430455,34747.78771729287,True
0.146,0.49558185794024495,2.152054232038168,1.1176424926248723,0.0812985080723707,0.01242255733144254,0.03551360601481437,0.09945177459123251,-0.07502248544008439,0.16321484457366875,0.011744737717570258,0.0017946169136264403,0.1729190500223844,177.16366891174445,3.141218919916165,3.131218919916165,0.009999999999999787,59065.17092680703,34831.78098800586,True
0.147,0.4989762542275069,2.1667943295178813,1.11776369673062,0.0816342582678004,0.012167615332310632,0.03590060938792083,0.09837416835461554,-0.07519027142657368,0.16272253682679313,0.011756408273470399,0.001752296849343767,0.17177484231889031,175.99137450738672,3.1412189199161644,3.1312189199161646,0.009999999999999787,59165.04597496341,34914.890887549154,True
0.148,0.5023706505147688,2.1815344269975947,1.117886214257769,0.08196634843230162,0.011912110908035326,0.03628747353756459,0.09729526844542684,-0.07535387440407101,0.16223426510630315,0.011767537413691357,0.001710167812369026,0.1706354408809419,174.8240043472793,3.1412189199161644,3.1312189199161646,0.009999999999999787,59264.89358132507,34997.11127357897,True
0.149,0.5057650468020308,2.1962745244773085,1.1180100446446273,0.08229477425045674,0.011656058211863426,0.03667414600478109,0.09621511942364207,-0.07551332120581507,0.16175010458026703,0.011778138438931596,0.001668230680769028,0.16950100625958098,173.6617229234871,3.141218919916164,3.131218919916164,0.009999999999999787,59364.7064275832,35078.436178579665,True
0.15,0.5091594430892927,2.211014621957022,1.118135187151915,0.08261953155695413,0.011399471305975854,0.03706057461370171,0.09513376517496085,-0.07566863865389431,0.16127012942845848,0.01178822461413095,0.001626486203744074,0.1683716988255892,172.50469454339023,3.1412189199161644,3.1312189199161646,0.009999999999999787,59464.4772796076,35158.8598067496,True
0.151,0.5125538393765547,2.2257547194367353,1.1182616408637382,0.08294061633432215,0.011142364161538456,0.03744670747964283,0.09405124892410817,-0.07581985355160221,0.1607944128315057,0.011797809162896565,0.0015849350030321674,0.16724767878601157,171.35308334661278,3.141218919916164,3.131218919916164,0.009999999999999787,59564.19898733873,35238.376530945694,True
0.152,0.5159482356638166,2.2404948169164487,1.1183894046885912,0.08325802471070785,0.010884750658778503,0.037832493016846214,0.09296761324807849,-0.07596699267606191,0.1603230269598404,0.011806905261962028,0.001543577574351799,0.16612910620054452,170.20705332181342,3.141218919916164,3.131218919916164,0.009999999999999787,59663.864484661215,35316.9808896852,True
0.153,0.5193426319510787,2.2552349143961625,1.1185184773603833,0.08357175295770086,0.010626644587085553,0.038217879945875013,0.09188290008931134,-0.07611008277111551,0.15985604296244268,0.011815526035680058,0.001502414288882737,0.16501614099771403,169.06676832326045,3.1412189199161644,3.1312189199161646,0.009999999999999787,59763.4667892591,35394.667584204304,True
0.154,0.5227370282383406,2.269975011875876,1.118648857439492,0.08388179748820158,0.010368059645136218,0.03860281730067237,0.09079715076879208,-0.07624915054047271,0.15939353095540162,0.011823684550550929,0.001461445394784612,0.16390894299078165,167.93239208712848,3.141218919916164,3.131218919916164,0.009999999999999787,59862.99900245308,35471.431475573234,True
0.155,0.5261314245256026,2.2847151093555897,1.1187805433138358,0.084188154854334,0.010109009441041577,0.038987254435299046,0.08971040599907251,-0.07638422264111272,0.1589355600102832,0.011831393809786699,0.0014206710187526748,0.16280767189328538,166.80408824742054,3.141218919916164,3.131218919916164,0.009999999999999787,59962.45430902031,35547.26758186701,True
0.156,0.5295258208128645,2.2994552068353027,1.1189135331999742,0.08449082174540214,0.009849507492516712,0.03937114103034121,0.08862270589719816,-0.07651532567693582,0.15848219814231665,0.011838666747912712,0.001380091167610406,0.16171248733414775,165.68202035144728,3.1412189199161644,3.1312189199161646,0.009999999999999787,60061.825976998356,35622.17107539086,True
0.157,0.5329202171001265,2.3141953043150165,1.1190478251442253,0.08478979498589082,0.009589567227071247,0.03975442709902137,0.08753408999754766,-0.07664248619265647,0.15803351229841164,0.011845516225408102,0.0013397057299385667,0.16062354887225497,164.56635187476374,3.1412189199161644,3.1312189199161646,0.009999999999999787,60161.10735747285,35696.13727996028,True
0.158,0.5363146133873884,2.32893540179473,1.119183417023805,0.08508507153350922,0.009329201982220326,0.040137062992991725,0.08644459726456377,-0.07676573066793585,0.1575895683450006,0.011851955023385527,0.0012995144777401837,0.15954101601042467,163.45724623548014,3.141218919916165,3.131218919916165,0.009999999999999787,60260.29188434993,35769.16166823446,True
0.159,0.5397090096746504,2.3436754992744437,1.1193203065479853,0.08537664847727786,0.009068425005715013,0.04051899940784261,0.08535426610538199,-0.07688508551174593,0.15715043105573334,0.011857995838312948,0.0012595170681411866,0.15846504820866705,162.3548668078485,3.1412189199161653,3.1312189199161655,0.009999999999999787,60359.373074113704,35841.23985910277,True
0.16,0.5431034059619123,2.3584155967541567,1.1194584912592707,0.08566452303565826,0.008807249455791607,0.0409001873883189,0.08426313438234634,-0.077000577056961,0.15671616409902409,0.011863651276778287,0.0012197130451262084,0.15739580489664493,161.25937693502846,3.1412189199161658,3.131218919916166,0.009999999999999787,60458.34452557029,35912.3676151233,True
0.161,0.5464978022491743,2.3731556942338705,1.1195979685345918,0.0859486925547252,0.008545688401439072,0.04128057833326321,0.08317123942540873,-0.07711223155517058,0.15628683002545848,0.01186893385029825,0.0011801018413091044,0.1563334454852209,160.170939940918,3.141218919916166,3.1312189199161664,0.009999999999999787,60557.1999195775,35982.54084001321,True
0.162,0.5498921985364362,2.387895791713584,1.119738735586515,0.08622915450637886,0.008283754822682324,0.04166012400027002,0.08207861804440611,-0.07722007517171228,0.15586249025508947,0.01187385597017409,0.0011406827797376658,0.15527812937701554,159.08971914097071,3.1412189199161653,3.1312189199161655,0.009999999999999787,60655.933018761396,36051.75557618905,True
0.163,0.5532865948236982,2.4026358891932977,1.1198807894644682,0.08650590648660156,0.008021461610884233,0.042038776510098914,0.08098530654121243,-0.07732413398091148,0.15544320506460724,0.011878429942394644,0.0011014550757323632,0.15423001597581576,158.01587785183523,3.1412189199161658,3.131218919916166,0.009999999999999787,60754.53766722136,36120.00800235807,True
0.164,0.5566809911109601,2.4173759866730107,1.1200241270559803,0.08677894621375341,0.007758821569062043,0.04241648835081696,0.07989134072176148,-0.0774244339615304,0.1550290335744423,0.011882667962591326,0.0010624178387585008,0.15318926469478034,156.94957939976206,3.1412189199161658,3.131218919916166,0.009999999999999787,60853.00779022184,36187.2944311584,True
0.165,0.560075387398222,2.432116084152724,1.1201687450879347,0.08704827152690928,0.007495847412219129,0.04279321238169487,0.0787967559079352,-0.0775210009924181,0.15462003373575584,0.011886582111042737,0.0010235700743310725,0.15215603496326735,155.89098712759863,3.1412189199161653,3.1312189199161655,0.009999999999999787,60951.337393873735,36253.61130684782,True
0.166,0.5634697836854841,2.446856181632438,1.1203146401278363,0.08731388038423551,0.007232551767691272,0.04316890183686204,0.07770158694931657,-0.07761386084835657,0.15421626231739702,0.01189018434773588,0.0009849106859522744,0.1511304862322083,154.84026440029538,3.1412189199161653,3.1312189199161655,0.009999999999999787,61049.52056480412,36318.95520304027,True
0.167,0.566864179972746,2.4615962791121513,1.1204618085850881,0.08757577086140667,0.006968947175506709,0.04354351032872705,0.07660586823480264,-0.07770303919609824,0.15381777489279827,0.011893486507482594,0.0009464384770808131,0.15011277797786918,153.79757460875913,3.1412189199161653,3.1312189199161655,0.009999999999999787,61147.55146981528,36383.322820489906,True
0.168,0.570258576260008,2.476336376591865,1.1206102467122832,0.0878339411500612,0.006705046088759219,0.04391699185116862,0.07550963370407299,-0.07778856159059,0.15342462582684446,0.011896500295094934,0.0009081521531325889,0.14910306970388118,152.76308117193364,3.1412189199161658,3.131218919916166,0.009999999999999787,61245.424355534604,36446.71098492093,True
0.169,0.5736529725472699,2.491076474071578,1.120759950606502,0.0880883895562959,0.0064408608739938795,0.04428930078251006,0.07441291685891618,-0.0778704534713786,0.15303686826274082,0.011899237280622381,0.0008700503235122691,0.14810152094140744,151.73694753697035,3.1412189199161653,3.1312189199161655,0.009999999999999787,61343.13354805356,36509.11664490374,True
0.17,0.5770473688345319,2.505816571551292,1.120910916210624,0.08833911449919855,0.006176403811604523,0.044660391888276536,0.0733157507744056,-0.07794874015919294,0.1526545541088833,0.011901708894652085,0.0008321315036750057,0.14710829124729888,150.71933717733916,3.1412189199161658,3.131218919916166,0.009999999999999787,61440.67345255867,36570.53686977554,True
0.171,0.5804417651217938,2.5205566690310053,1.121063139314646,0.08858611450941825,0.00591168709624273,0.04503022032374797,0.0722181681099279,-0.07802344685269823,0.15227773402576236,0.011903926423675566,0.0007943941172178164,0.14612354020010054,149.71041358873654,3.1412189199161658,3.131218919916166,0.009999999999999787,61538.0385529531,36630.968847605356,True
0.17200000000000001,0.5838361614090558,2.535296766510719,1.1212166155570078,0.0888293882277729,0.005646722837237305,0.04539874163630968,0.07112020112005718,-0.07809459862541762,0.15190645741292466,0.011905901005524765,0.0007568364979999236,0.14514742739376624,148.710340282646,3.1412189199161653,3.1312189199161655,0.009999999999999787,61635.22341146996,36690.40988320269,True
0.17300000000000001,0.5872305576963177,2.550036863990432,1.1213713404259293,0.08906893440389332,0.005381523059024172,0.04576591176761294,0.07002188166527945,-0.07816222042281623,0.15154077239599625,0.011907643624878736,0.0007194568922913488,0.1441801124289166,147.71928077738147,3.1412189199161653,3.1312189199161655,0.009999999999999787,61732.22266827812,36748.85739616854,True
0.17400000000000002,0.5906249539835797,2.564776961470146,1.12152730926075,0.08930475189490361,0.005116099701585669,0.046131687055544976,0.06892324122255855,-0.0782263370595438,0.1511807258138156,0.011909165108845815,0.0006822534609491206,0.14322175490150824,146.7373985864784,3.1412189199161658,3.131218919916166,0.009999999999999787,61829.031041079834,36806.308918989096,True
0.17500000000000002,0.5940193502708416,2.5795170589498593,1.1216845172532783,0.08953683966413693,0.004850464620899159,0.04649602423602036,0.06782431089574903,-0.07828697321683051,0.1508263632056782,0.011910476122622382,0.0006452242816202924,0.14227251438874147,145.7648572042556,3.1412189199161658,3.131218919916166,0.009999999999999787,61925.64332470179,36862.76209517025,True
0.176,0.5974137465581035,2.5942571564295727,1.121842959449145,0.08976519677988658,0.004584629589394012,0.04685888044459684,0.06672512142584937,-0.07834415344003257,0.1504777287987229,0.011911587165231717,0.000608367350970968,0.14133255043205414,144.80182008839145,3.1412189199161658,3.131218919916166,0.009999999999999787,62022.054390679215,36918.214677413125,True
0.177,0.6008081428453654,2.6089972539092856,1.122002630749162,0.08998982241419143,0.004318606296416853,0.04722021321792497,0.06562570320109982,-0.07839790213632238,0.1501348654954877,0.011912508565346128,0.0005716805869405796,0.14040202251704312,143.84845063935265,3.141218919916166,3.1312189199161664,0.009999999999999787,62118.2591868332,36972.66452582957,True
0.178,0.6042025391326274,2.6237373513889994,1.1221635259106864,0.09021071584165545,0.004052406348704285,0.04757998049503154,0.06452608626691898,-0.07844824357251971,0.14979781486166283,0.01191325047719563,0.0005351618310205174,0.1394810900501586,142.90491217651652,3.141218919916166,3.1312189199161664,0.009999999999999787,62214.25273684262,37026.10960619672,True
0.179,0.6075969354198894,2.638477448868713,1.122325639548989,0.09042787643830066,0.003786041270862817,0.04793814061844974,0.06342630033568265,-0.07849520187305924,0.14946661711403936,0.011913822876564142,0.00049880885055614,0.13856991233198623,141.9713679107971,3.141218919916167,3.1312189199161673,0.009999999999999787,62310.030139810086,37078.547988250386,True
0.18,0.6109913317071514,2.6532175463484267,1.1224889661386237,0.09064130368045308,0.003519522505855424,0.04829465233519672,0.06232637479634179,-0.0785388010180906,0.1491413111087301,0.011914235556880303,0.0004626193410713922,0.13766864852699523,141.04798091365078,3.1412189199161675,3.1312189199161677,0.009999999999999787,62405.586569821884,37129.97784401646,True
0.181,0.6143857279944133,2.6679576438281396,1.1226535000148041,0.09085099714366084,0.0032528614154943725,0.04864947479760564,0.06122633872388117,-0.07857906484170693,0.14882193432962285,0.011914498125400833,0.0004265909286148174,0.13677745762954557,140.13491408224908,3.1412189199161684,3.1312189199161686,0.009999999999999787,62500.917275503925,37180.397446179355,True
0.182,0.6177801242816753,2.6826977413078534,1.1228192353747788,0.09105695650164505,0.002986069280939804,0.04900256756402199,0.06012622088862006,-0.07861601703029772,0.14850852287715643,0.011914619999494811,0.0003907211721261486,0.13589649842603801,139.23233010069953,3.141218919916169,3.131218919916169,0.009999999999999787,62596.017579572064,37229.80516648758,True
0.183,0.6211745205689372,2.697437838787567,1.1229861662792109,0.09125918152528038,0.0027191573032037688,0.04935389059935811,0.05902604976534734,-0.07864968112102246,0.1482011114573878,0.011914610403027064,0.0003550075658222281,0.13502592945301628,138.34039139711948,3.141218919916169,3.131218919916169,0.009999999999999787,62690.88287837824,37278.1994741946,True
0.184,0.6245689168561992,2.7121779362672807,1.1231542866535609,0.09145767208160648,0.0024521366036590266,0.04970340427551967,0.05792585354229804,-0.07868008050040098,0.14789973337142384,0.011914478362847878,0.0003194475416012532,0.13416590895109806,137.45926009643614,3.1412189199161693,3.1312189199161695,0.009999999999999787,62785.50864145282,37325.578934534926,True
0.185,0.6279633131434611,2.7269180337469936,1.1233235902894656,0.0916524281328717,0.0021850182245528233,0.050051069371715544,0.05682566012997608,-0.07870723840301708,0.14760442050520542,0.01191423270538928,0.0002840384714641515,0.1333165948145573,136.58909796873132,3.141218919916169,3.131218919916169,0.009999999999999787,62879.890411042106,37371.94220723629,True
0.186,0.6313577094307231,2.7416581312267074,1.123494070846123,0.09184344973560467,0.0019178131295245465,0.05039684707464137,0.05572549716981159,-0.07873117791033132,0.14731520331970063,0.011913882053373006,0.0002487776699518721,0.13247814453644297,135.7300663730131,3.141218919916169,3.131218919916169,0.009999999999999787,62974.023801643176,37417.28804506453,True
0.187,0.634752105717985,2.756398228706421,1.1236657218516748,0.09203073703971533,0.0016505322041274137,0.05074069897855026,0.054625392042661286,-0.07875192194960012,0.14703211084150747,0.011913434822631411,0.00021366239659735022,0.13165071514907825,134.88232619625435,3.141218919916169,3.131218919916169,0.009999999999999787,63067.90449953481,37461.615292402545,True
0.188,0.6381465020052469,2.771138326186134,1.1238385367045907,0.09221429028762469,0.001383186256353544,0.05108258708521395,0.05352537187715027,-0.07876949329289702,0.14675517065390506,0.011912899219045514,0.00017868985839085254,0.13083446315982267,134.04603778757811,3.1412189199161684,3.1312189199161686,0.009999999999999787,63161.52826230558,37504.922883861895,True
0.189,0.6415408982925089,2.785878423665848,1.1240125086750496,0.09239410981342258,0.0011157860171622435,0.05142247380377929,0.05242546355785647,-0.07878391455623307,0.14648440888837802,0.011912283235603005,0.000143857212257389,0.13002954448197843,133.22136088746782,3.1412189199161684,3.1312189199161686,0.009999999999999787,63254.89091837854,37547.209842927,True
0.19,0.6449352945797708,2.800618521145561,1.1241876309063243,0.0925701960420529,0.0008483421410111257,0.05176032195052347,0.05132569373333868,-0.078795208198773,0.1462198502166318,0.011911594649578645,0.00010916156754480306,0.12923611436073115,132.40845455189023,3.1412189199161684,3.1312189199161686,0.009999999999999787,63347.98836653416,37588.475280630606,True
0.191,0.6483296908670328,2.815358618625275,1.1243638964161615,0.09274254948852591,0.0005808652063896674,0.052096094748512824,0.05022608882400728,-0.07880339652214373,0.14596151784313124,0.01191084101984056,7.459998852112827e-05,0.1284543272940343,131.60747707123767,3.141218919916169,3.131218919916169,0.009999999999999787,63440.81657543002,37628.718394260715,True
0.192,0.6517240871542948,2.830098716104988,1.1245412980981622,0.09291117075715694,0.0003133657163550442,0.052429755827171236,0.04912667502984213,-0.0788085016698322,0.14570943349817622,0.011910029684284413,4.016949687977251e-05,0.1276843369483504,130.81858588400107,3.141218919916169,3.131218919916169,0.009999999999999787,63533.371583118744,37667.938466097876,True
0.193,0.6551184834415568,2.844838813584702,1.1247198287231597,0.09307606054083102,4.585409906977681e-05,0.05276126922175769,0.04802747833795385,-0.07881054562666952,0.14546361743154282,0.011909167757398576,5.867074251029214e-06,0.12692629606918943,130.04193748511236,3.141218919916169,3.131218919916169,0.009999999999999787,63625.64949656367,37706.134862182626,True
0.194,0.6585128797288187,2.859578911064415,1.1248994809405974,0.09323721962029297,-0.00022165929165893303,0.05309059937276354,0.04692852452999509,-0.07880955021839797,0.14522408840672482,0.011908262127963955,-2.831033528158628e-05,0.12618035638640157,129.27768732891238,3.141218919916169,3.131218919916169,0.009999999999999787,63717.646491153224,37743.3070311121,True
0.195,0.6619072760160807,2.874319008544129,1.125080247279902,0.09339464886346237,-0.000489164175838597,0.05341771112522771,0.04582983918941813,-0.07880553711131857,0.14499086369576872,0.011907319456888627,-6.23658226617576e-05,0.1254466685141785,128.52598972669753,3.141218919916169,3.131218919916169,0.009999999999999787,63809.35881021305,37779.454502865876,True
0.196,0.6653016723033426,2.889059106023842,1.1252621201518562,0.09354834922477277,-0.0007566503467497233,0.053742569727973866,0.04473144770858154,-0.0787985278120157,0.144763959074748,0.011906346175181682,-9.630251133910744e-05,0.12472538184577155,127.78699773885374,3.1412189199161693,3.1312189199161695,0.009999999999999787,63900.78276451746,37814.57688765982,True
0.197,0.6686960685906046,2.903799203503556,1.1254450918499672,0.09369832174453509,-0.001024107670403342,0.05406514083278158,0.04363337529571068,-0.07878854366715628,0.14454338881988707,0.011905348482067885,-0.00013012355474789088,0.1240166444429276,127.0608630615781,3.1412189199161693,3.1312189199161695,0.009999999999999787,63991.914731798846,37848.6738748282,True
0.198,0.6720904648778665,2.918539300983269,1.1256291545518338,0.09384456754832401,-0.0012915260849978936,0.054385390493480956,0.04253564698170649,-0.07877560586336083,0.14432916570434984,0.011904332343244799,-0.0001638321337872619,0.12332060292008559,126.34773590823296,3.1412189199161693,3.1312189199161695,0.009999999999999787,64082.751156256905,37881.74523173268,True
0.199,0.6754848611651285,2.933279398462983,1.1258143003205083,0.09398708784638758,-0.0015588956003759298,0.05470328516498651,0.04143828762681062,-0.07875973542714353,0.14412130099572473,0.011903303489285661,-0.00019743145430481678,0.12263740232339689,125.64776488539658,3.1412189199161693,3.1312189199161695,0.009999999999999787,64173.288548066164,37913.79080269854,True
0.2,0.6788792574523904,2.948019495942696,1.126000521105858,0.09412588393307887,-0.0018262062974805301,0.05501879170226894,0.04034132192712385,-0.07874095322491874,0.1439198044542085,0.01190226741418857,-0.00023092474458505185,0.12196718600465056,124.96109686369364,3.1412189199161693,3.1312189199161695,0.009999999999999787,64263.52348288366,37944.81050797687,True
0.201,0.6822736537396524,2.96275959342241,1.1261878087459192,0.09426095718630981,-0.002093448327812073,0.05533187735926575,0.03924477442098206,-0.07871927996307164,0.14372468433150806,0.011901229374074082,-0.000264315252844492,0.1213100954902244,124.28787684352943,3.1412189199161693,3.1312189199161695,0.009999999999999787,64353.452601355224,37974.80434273297,True
0.202,0.6856680500269143,2.9774996909021234,1.1263761549682516,0.0943923090670262,-0.002360611912885149,0.05564250978773781,0.03814866949518919,-0.07869473618809017,0.14353594737048422,0.011900194386033403,-0.0002976062447351723,0.1206662703452104,123.62824781588007,3.14121891991617,3.1312189199161704,0.009999999999999787,64443.07260862198,38003.772376059744,True
0.203,0.6890624463141763,2.992239788381837,1.1265655513912853,0.09451994111870377,-0.0026276873436861716,0.05595065703607548,0.037053031391110096,-0.07866734228675624,0.1433535988055385,0.01189916722712766,-0.0003308010008582349,0.12003584803288318,122.98235061831129,3.1412189199161706,3.131218919916171,0.009999999999999787,64532.3802738262,38031.71475001635,True
0.20400000000000001,0.6924568426014382,3.00697988586155,1.126755989525665,0.09464385496686466,-0.0028946649801316433,0.0562562875480504,0.03595788421062493,-0.07863711848639361,0.14317764236376682,0.011898152433540398,-0.00036390281428937485,0.11941896376973242,122.35032378645234,3.141218919916171,3.1312189199161713,0.009999999999999787,64621.37242961696,38058.63167869111,True
0.20500000000000002,0.6958512388887002,3.0217199833412636,1.126947460775591,0.09476405231861382,-0.003161535250527407,0.0565593701615267,0.03486325192194578,-0.07860408485517023,0.14300808026687556,0.01189715429988298,-0.0003969149881178694,0.11881575037628113,121.7323034011524,3.141218919916173,3.131218919916173,0.009999999999999787,64710.04597165658,38084.52344728833,True
0.20600000000000002,0.6992456351759622,3.0364600808209774,1.1271399564401532,0.09488053496219498,-0.0034282886510290083,0.056859874107122135,0.03376915836529573,-0.07856826130245297,0.1428449132338927,0.011896176878655853,-0.0004298408330009912,0.11822633812399007,121.12842293162691,3.1412189199161737,3.131218919916174,0.009999999999999787,64798.39785812578,38109.39041123896,True
0.20700000000000002,0.7026400314632241,3.0512001783006903,1.1273334677146623,0.09499330476656644,-0.003694915745103571,0.057157769006833566,0.03267562725846084,-0.07852966757921327,0.14268814048465647,0.011895223979864101,-0.00046268366473552344,0.11765085457853175,120.53881307488449,3.141218919916175,3.1312189199161753,0.009999999999999787,64886.425109230346,38133.232995334445,True
0.20800000000000002,0.7060344277504861,3.065940275780404,1.1275279856919749,0.09510236368099416,-0.003961407162992766,0.057453024872620544,0.03158268220220017,-0.07848832327847932,0.14253775974410463,0.011894299170789014,-0.0004954468018480902,0.11708942443979027,119.96360159179922,3.1412189199161746,3.131218919916175,0.009999999999999787,64974.124806707296,38156.05169288296,True
0.209,0.709428824037748,3.0806803732601176,1.1277235013638203,0.09520771373466128,-0.004227753601176605,0.057745612104954006,0.030490346685522834,-0.07844424783583265,0.14239376724736752,0.01189340577591557,-0.0005281335632059811,0.11654216937896149,119.40291314021222,3.141218919916174,3.1312189199161744,0.009999999999999787,65061.49409333301,38177.84706488656,True
0.21,0.7128232203250099,3.095420470739831,1.1279200056221104,0.0953093570363007,-0.004493945821841173,0.0580355014913324,0.029398644090853368,-0.07839746052995435,0.14225615774566155,0.011892546877016408,-0.0005607472656505559,0.1160092078731668,118.85686910548561,3.1412189199161746,3.131218919916175,0.009999999999999787,65148.53017242963,38198.619739243535,True
0.211,0.7162176166122718,3.110160568219544,1.1281174892602528,0.09540729577384083,-0.004759974652346554,0.05832266420476564,0.028307597699054936,-0.07834798048320891,0.1421249245130063,0.011891725313392495,-0.0005932912216545201,0.1154906550380305,118.32558742897027,3.1412189199161746,3.131218919916175,0.009999999999999787,65235.23030737355,38218.37040996975,True
0.212,0.7196120128995338,3.1249006656992577,1.1283159429744571,0.09550153221406911,-0.005025830984697307,0.058607071802230244,0.027217230694330873,-0.07829582666226965,0.14200005935372376,0.011890943682267391,-0.0006257687370048932,0.11498662245867423,117.80918243485164,3.1412189199161746,3.131218919916175,0.009999999999999787,65321.59182110459,38237.09983644169,True
0.213,0.7230064091867957,3.139640763178971,1.1285153573650357,0.09559206870231206,-0.0052915057750150644,0.05888869622309854,0.026127566169002768,-0.07824101787878242,0.141881552610775,0.01189020433933906,-0.0006581831085134792,0.11449721801967552,117.30776465593439,3.141218919916175,3.1312189199161753,0.009999999999999787,65407.6120956358,38254.8088426602,True
0.214,0.7264008054740577,3.154380860658685,1.1287157229376987,0.09567890766213136,-0.005556990043013547,0.059167509787541955,0.02503862712816548,-0.07818357279006616,0.14176939317488188,0.011889509399484358,-0.0006905376217563183,0.11402254573449641,116.82144065888393,3.141218919916174,3.1312189199161744,0.009999999999999787,65493.28857156421,38271.49831653466,True
0.215,0.7297952017613196,3.169120958138398,1.1289170301048437,0.0957620515950355,-0.005822274871475878,0.05944348519491409,0.023950436494223314,-0.07812350989984854,0.14166356849445874,0.011888860737617546,-0.0007228355488438109,0.11356270557496718,116.35031286952461,3.141218919916175,3.1312189199161753,0.009999999999999787,65578.61874758256,38287.16920918713,True
0.216,0.7331895980485816,3.1838610556181117,1.1291192691868404,0.0958415030802066,-0.006087351405734632,0.05971659552211059,0.02286301711130586,-0.07806084755903488,0.14156406458634932,0.011888259989701761,-0.0007550801462231597,0.11311779330142299,115.89447939880667,3.141218919916175,3.1312189199161753,0.009999999999999787,65663.6001799922,38301.82253427605,True
0.217,0.7365839943358435,3.198601153097825,1.1293224304133096,0.09591726477424209,-0.006352210853154329,0.059986814221913445,0.021776391749568715,-0.07799560396650895,0.1414708660473396,0.011887708553910161,-0.0007872746525145097,0.11268790029409124,115.4540338700547,3.141218919916174,3.1312189199161744,0.009999999999999787,65748.23048221736,38315.45936733919,True
0.218,0.7399783906231056,3.213341250577539,1.1295265039243951,0.09598933941091067,-0.006616844482616907,0.06025411512131492,0.020690583109377023,-0.077927797169964,0.14138395606646567,0.01188720759193746,-0.000819422286382489,0.1122731133863912,115.02906524817537,3.141218919916174,3.1312189199161744,0.009999999999999787,65832.50732431991,38328.08084515574,True
0.219,0.7433727869103675,3.228081348057252,1.129731479772033,0.09605772980092243,-0.0068812436240099275,0.06051847241983048,0.019605613825378003,-0.07785744506676247,0.14130331643809313,0.01188675803045892,-0.0008515262444445025,0.111873514700787,114.61965767148104,3.141218919916174,3.1312189199161744,0.009999999999999787,65916.4284325166,38339.68816512669,True
0.22,0.7467671831976295,3.2428214455369657,1.1299373479212111,0.09612243883171252,-0.007145399667717814,0.06077986068779462,0.018521506470459463,-0.07778456540482319,0.14122892757574912,0.011886360562734155,-0.0008835896992171813,0.11148918148786269,114.22589028681465,3.1412189199161746,3.131218919916175,0.009999999999999787,65999.99158869639,38350.282584673914,True
0.221,0.7501615794848914,3.257561543016679,1.1301440982512265,0.09618346946723799,-0.007409304064116085,0.0610382548646475,0.01743828355959994,-0.07770917578353428,0.14116076852672024,0.011886015650355738,-0.0009156157971024904,0.11112018596931321,113.84783708868665,3.1412189199161746,3.131218919916175,0.009999999999999787,66083.19462994012,38359.8654206567,True
0.222,0.7535559757721534,3.272301640496393,1.1303517205569344,0.09624082474778775,-0.0076729483230688275,0.0612936302572116,0.01635596755361083,-0.07763129365469078,0.14109881698737417,0.011885723525137877,-0.0009476076564146728,0.11076659518551801,113.48556676310697,3.141218919916175,3.1312189199161753,0.009999999999999787,66166.03544804124,38368.43804880646,True
0.223,0.7569503720594153,3.2870417379761063,1.1305602045499927,0.09629450778980479,-0.007936324013429261,0.06154596253795702,0.0152745808627704,-0.07755093632345535,0.1410430493192096,0.011885484191144298,-0.000979568365449387,0.1104284708484002,113.13914253683238,3.141218919916175,3.1312189199161753,0.009999999999999787,66248.51198902806,38376.0019031784,True
0.224,0.7603447683466773,3.3017818354558197,1.1307695398601008,0.0963445217857207,-0.008199422762543736,0.06179522774326382,0.01419414585035474,-0.07746812094934108,0.1409934405656028,0.011885297426851228,-0.0010115009805961794,0.11010586920023971,112.8086220327139,3.141218919916174,3.1312189199161744,0.009999999999999787,66330.62225268799,38382.558475620426,True
0.225,0.7637391646339392,3.316521932935533,1.1309797160362298,0.09639087000380202,-0.008462236255758992,0.06204140227167398,0.013114684836065156,-0.07738286454721494,0.14094996446925478,0.011885162787444573,-0.0010434085244955668,0.10979884087913781,112.49405713185894,3.141218919916175,3.1312189199161753,0.009999999999999787,66412.36429209239,38388.10931525892,True
0.226,0.7671335609212012,3.331262030415247,1.1311907225478521,0.09643355578800787,-0.008724756235932926,0.06228446288214217,0.012036220099352842,-0.07729518398832078,0.14091259349029803,0.011885079607246125,-0.001075293984241686,0.10950743079177543,112.1954938432662,3.141218919916175,3.1312189199161753,0.009999999999999787,66493.73621312462,38392.656028000645,True
0.227,0.7705279572084631,3.3460021278949603,1.1314025487861585,0.09647258255785902,-0.00898697450294882,0.06252438669228216,0.010958773882646863,-0.07720509600132075,0.14088129882504807,0.011885047002266275,-0.001107160309631559,0.10923167799411758,111.91297218160187,3.1412189199161755,3.1312189199161757,0.009999999999999787,66574.73617400807,38396.20027605145,True
0.228,0.773922353495725,3.3607422253746733,1.1316151840652748,0.0965079538083174,-0.009248882913233187,0.06276115117661228,0.009882368394480742,-0.07711261717335406,0.14085605042539642,0.011885063872881074,-0.0011390104114620777,0.10897161558069858,111.64652605376699,3.1412189199161755,3.1312189199161757,0.009999999999999787,66655.36238483724,38398.74377745033,True
0.229,0.777316749782987,3.375482322854387,1.13182861762347,0.0965396731096763,-0.009510473379277178,0.06299473416479795,0.008807025812525182,-0.0770177639511118,0.14083681701879638,0.011885128906628059,-0.001170847159875398,0.10872727058306679,111.3961831548494,3.1412189199161755,3.1312189199161757,0.009999999999999787,66735.6131071102,38400.28830561954,True
0.23,0.7807111460702489,3.3902224203341005,1.1320428386243577,0.09656774410746057,-0.009771737869161672,0.06322511383989547,0.0077327682865246175,-0.07692055264192706,0.14082356612883848,0.011885240581118795,-0.0012026733827537244,0.10849866387796436,111.16196487404963,3.1412189199161755,3.1312189199161757,0.009999999999999787,66815.48665326228,38400.83568893016,True
0.231,0.784105542357511,3.4049625178138143,1.132257836158094,0.09659217052233668,-0.010032668406086173,0.0634522687365986,0.006659617941141033,-0.07682099941487916,0.1408162640963843,0.011885397167063707,-0.001234491864164205,0.1082858101057628,110.94388621111428,3.1412189199161764,3.1312189199161766,0.009999999999999787,66894.98138620243,38400.38781028266,True
0.232,0.7874999386447729,3.4197026152935273,1.1324735992425674,0.09661295615003232,-0.010293257067901327,0.06367617773948636,0.005587596878707069,-0.0767191203019112,0.14081487610123247,0.011885596731405141,-0.0012663053428545769,0.10808871759963978,110.74195570377431,3.1412189199161773,3.1312189199161775,0.009999999999999787,66974.09571885101,38398.94660670256,True
0.233,0.7908943349320349,3.434442712773241,1.1326901168245838,0.09663010486126511,-0.010553495986645428,0.06389682008127143,0.004516727181887087,-0.07661493119895965,0.14081936618429877,0.011885837140555331,-0.0012981165108002925,0.10790738832594295,110.55617536664504,3.1412189199161773,3.1312189199161775,0.009999999999999787,67052.82811367932,38396.51406895087,True
0.234,0.7942887312192968,3.4491828102529545,1.132907377781045,0.09664362060168023,-0.010813377348084609,0.0641141753410604,0.0034470309162532645,-0.07650844786709561,0.1408296972702725,0.01188611606373407,-0.0013299280118035232,0.10774181783611413,110.38654064197016,3.141218919916179,3.1312189199161793,0.009999999999999787,67131.17708225147,38393.092241148865,True
0.23500000000000001,0.7976831275065588,3.4639229077326683,1.1331253709201217,0.09665350739179669,-0.011072893391257077,0.06432822344260977,0.0023785301327712213,-0.07639968593367637,0.14084583119073427,0.011886430976402934,-0.001361742440144663,0.10759199523053112,110.23304036257603,3.14121891991618,3.13121891991618,0.009999999999999787,67209.14118476759,38388.683220417355,True
0.23600000000000002,0.8010775237938207,3.4786630052123817,1.1333440849824208,0.09665976932696171,-0.01133203640802112,0.06453894465259358,0.001311246870202662,-0.07628866089350661,0.14086772870770398,0.011886779163791359,-0.0013935623392866683,0.10745790313453324,110.0956567273087,3.141218919916182,3.1312189199161824,0.009999999999999787,67286.71902960973,38383.289156529754,True
0.23700000000000002,0.8044719200810827,3.493403102692095,1.1335635086421445,0.09666241057731385,-0.011590798742607523,0.06474631957887743,0.0002452031574256587,-0.07617538811000946,0.14089534953758173,0.011887157724509566,-0.0014253902006325443,0.10733951768684981,109.9743652891783,3.141218919916184,3.131218919916184,0.009999999999999787,67363.90927288849,38376.91225157961,True
0.23800000000000002,0.8078663163683446,3.5081432001718085,1.133783630508239,0.09666143538775672,-0.011849172791178105,0.06495032916878646,-0.0008195789843211221,-0.07605988281641016,0.14092865237547697,0.011887563574246127,-0.001457228462336681,0.10723680854061926,109.86913495640327,3.141218919916184,3.131218919916184,0.009999999999999787,67440.7106179912,38369.554759663355,True
0.23900000000000002,0.8112607126556066,3.5228832976515223,1.1340044391255688,0.09665684807792503,-0.012107151001377423,0.06515095470742735,-0.001883077539314465,-0.07594216011690308,0.14096759491986546,0.01188799344954045,-0.0014890795081682708,0.10714973887701795,109.77992800637364,3.141218919916185,3.131218919916185,0.009999999999999787,67517.12181513864,38361.218986567605,True
0.24,0.8146551089428684,3.5376233951312352,1.1342259229760352,0.09664865304218083,-0.012364725871904934,0.06534817781595552,-0.002945270495238553,-0.07582223498786225,0.1410121338975826,0.011888443911634246,-0.001520945666430756,0.10707826543166511,109.70670011270413,3.1412189199161844,3.1312189199161846,0.009999999999999787,67593.1416609327,38351.907289483526,True
0.241,0.8180495052301304,3.5523634926109486,1.134448070479723,0.09663685474960175,-0.012621889952080648,0.06554198044989143,-0.004006135841197655,-0.07570012227903365,0.1410622250890825,0.011888911350388446,-0.0015528292089334987,0.10702233853364136,109.6494003852105,3.1412189199161844,3.1312189199161846,0.009999999999999787,67668.76899791401,38341.622076725136,True
0.242,0.8214439015173923,3.567103590090662,1.1346708699960315,0.0966214577439794,-0.012878635841417232,0.06573234489743873,-0.005065651565793251,-0.0755758367147387,0.14111782335397138,0.011889391988266839,-0.001584732350017698,0.10698190215710066,109.60797142278835,3.1412189199161844,3.1312189199161846,0.009999999999999787,67744.00271411856,38330.36580746296,True
0.243,0.8248382978046543,3.581843687570376,1.1348943098248017,0.09660246664382433,-0.013134956189196408,0.0659192537778109,-0.0061237956552785515,-0.0754493928950822,0.1411788826567657,0.011889881884379474,-0.0016166572456359567,0.10695689398529577,109.58234937901034,3.1412189199161844,3.1312189199161846,0.009999999999999787,67818.84174263761,38318.140991470245,True
0.244,0.8282326940919162,3.5965837850500892,1.1351183782074363,0.09657988614237689,-0.013390843694049307,0.06610269003957209,-0.007180546091783797,-0.07532080529716458,0.1412453560928545,0.011890376938582078,-0.0016486059924854099,0.1069472454867989,109.57246404021757,3.141218919916184,3.131218919916184,0.009999999999999787,67893.28506117854,38304.95018888186,True
0.245,0.8316270903791783,3.6113238825298026,1.1353430633280157,0.09655372100762433,-0.013646291103541056,0.06628263695898683,-0.008235880851616747,-0.07519008827629717,0.14131719591462125,0.011890872895625458,-0.0016805806271940349,0.10695288200362933,109.5782389158107,3.1412189199161844,3.1312189199161846,0.009999999999999787,67967.33169162851,38290.79600996561,True
0.246,0.8350214866664402,3.626063980009516,1.1355683533144074,0.09652397608232313,-0.013901291213759397,0.06645907813838317,-0.009289777903631682,-0.07505725606722069,0.1413943535577312,0.011891365349353181,-0.001712583125560235,0.10697372285097004,109.59959134041418,3.141218919916185,3.131218919916185,0.009999999999999787,68040.9806996198,38275.68111490563,True
0.247,0.8384158829537022,3.64080407748923,1.1357942362393694,0.09649065628402714,-0.014155836868907543,0.0666319975045293,-0.010342215207669418,-0.07492232278532582,0.14147677966751196,0.011891849746939442,-0.0017446154018448798,0.10700968142804862,109.63643258747899,3.141218919916184,3.131218919916184,0.009999999999999787,68114.23119409695,38259.608213598265,True
0.248,0.8418102792409641,3.6555441749689432,1.136020700121649,0.09645376660512066,-0.014409920960901072,0.06680137930702106,-0.011393170713065075,-0.07478530242787557,0.1415644241254271,0.01189232139316477,-0.001776679308115682,0.10706066533975689,109.68866799388759,3.1412189199161844,3.1312189199161846,0.009999999999999787,68187.08232688622,38242.58006545958,True
0.249,0.8452046755282261,3.6702842724486566,1.1362477329270761,0.0964133121128565,-0.014663536428969098,0.0669672081166843,-0.012442622357223097,-0.07464620887522898,0.14165723607562394,0.011892775454725892,-0.0018087766336436037,0.10712657652851854,109.75619709505855,3.1412189199161844,3.1312189199161846,0.009999999999999787,68259.53329226706,38224.59947924486,True
0.25,0.848599071815488,3.68502436992837,1.1364753225696516,0.09636929794939889,-0.014916676259259461,0.06712946882399153,-0.013490548064257096,-0.07450505589206564,0.14175516395148424,0.011893206964571681,-0.001840909104350202,0.10720731141583459,109.83891376996648,3.141218919916185,3.131218919916185,0.009999999999999787,68331.58332654553,38205.6693128798,True
0.251,0.8519934681027499,3.6997644674080834,1.1367034569126278,0.09632172933187072,-0.015169333484448221,0.0672881466374907,-0.014536925743696178,-0.07436185712861038,0.14185815550220854,0.011893610826265555,-0.0018730783823060948,0.10730276105297028,109.93670639552776,3.1412189199161844,3.1312189199161846,0.009999999999999787,68403.23170762941,38185.792473303234,True
0.252,0.8553878643900119,3.7145045648877972,1.1369321237695873,0.09627061155240524,-0.015421501183353167,0.06744322708224998,-0.015581733289252192,-0.07421662612185799,0.14196615781935723,0.011893981818365812,-0.0019052860652792516,0.1074128112801301,110.04945800968295,3.1412189199161844,3.1312189199161846,0.009999999999999787,68474.47775460583,38164.97191632136,True
0.253,0.8587822606772738,3.72924466236751,1.137161310905514,0.09621594997820167,-0.01567317248055155,0.0675946959983164,-0.016624948577650917,-0.07406937629679733,0.14207911736335274,0.011894314598822191,-0.0019375336863328534,0.10753734289349927,110.17704648253846,3.1412189199161844,3.1312189199161846,0.009999999999999787,68545.32082732058,38143.2106464732,True
0.254,0.8621766569645358,3.743984759847224,1.1373910060378596,0.09615775005158482,-0.015924340546002023,0.06774253953918943,-0.017666549467522757,-0.07392012096763452,0.1421969799899091,0.011894603709383708,-0.001969822713471895,0.10767623181947465,110.31934469487437,3.141218919916185,3.131218919916185,0.009999999999999787,68615.76032595924,38120.51171690746,True
0.255,0.8655710532517977,3.7587248573269374,1.1376211968376049,0.09609601729006827,-0.01617499859467062,0.06788674417031026,-0.018706513798354342,-0.0737688733390147,0.14231969097636563,0.011894843580013878,-0.002002154549337772,0.10782934929539474,110.47622072331079,3.141218919916184,3.131218919916184,0.009999999999999787,68685.7956906308,38096.87822927023,True
0.256,0.8689654495390597,3.7734649548066512,1.137851870930317,0.09603075728642106,-0.01642513988616095,0.06802729666756618,-0.01974481938949742,-0.07361564650724227,0.14244719504788614,0.011895028533307988,-0.0020345305309498623,0.10799656205605263,110.64753803139904,3.1412189199161844,3.1312189199161846,0.009999999999999787,68755.42640095274,38072.3133336039,True
0.257,0.8723598458263216,3.7882050522863646,1.1380830158971988,0.09596197570873767,-0.01667475772434851,0.06816418411580874,-0.020781444039236634,-0.07346045346149879,0.14257943640353035,0.011895152788911097,-0.002066951929493681,0.10817773252529832,110.83315566592731,3.1412189199161844,3.1312189199161846,0.009999999999999787,68824.65197563812,38046.82022825696,True
0.258,0.8757542421135837,3.802945149766078,1.1383146192761382,0.09588967830051098,-0.01692384545701917,0.06829739390739123,-0.02181636552391213,-0.07330330708505874,0.14271635874214678,0.011895210467930501,-0.002099419950154319,0.1083727190119846,111.03292845767628,3.141218919916184,3.131218919916184,0.009999999999999787,68893.47197208526,38020.40215980441,True
0.259,0.8791486384008456,3.8176852472457914,1.1385466685627457,0.09581387088070818,-0.01717239647551165,0.06842691374071773,-0.022849561597099197,-0.07314422015650227,0.14285790528807826,0.011895195597340084,-0.002131935731994452,0.10858137590954993,111.24670722590125,3.1412189199161844,3.1312189199161846,0.009999999999999787,68961.885985968,37993.062422979194,True
0.26,0.8825430346881076,3.8324253447255052,1.1387791512113936,0.09573455934384935,-0.017420404214364305,0.0685527316188102,-0.023881009988840702,-0.07298320535092502,0.14300401881665886,0.01189510211437291,-0.0021645003478759804,0.10880355389851536,111.4743389857996,3.1412189199161844,3.1312189199161846,0.009999999999999787,69029.89365082938,37964.80436061398,True
0.261,0.8859374309753695,3.8471654422052186,1.139012054636247,0.09565174966008862,-0.01766786215096582,0.068674835847894,-0.024910688404932275,-0.0728202752411449,0.14315464167948003,0.011894923870898346,-0.002197114804424269,0.10903910015118574,111.71566715823691,3.141218919916185,3.131218919916185,0.009999999999999787,69097.49463767641,37935.63136359365,True
0.262,0.8893318272626315,3.861905539684932,1.1392453662122894,0.09556544787529758,-0.01791476380521016,0.06879321503599432,-0.025938574526261575,-0.0726554422989046,0.14330971582940258,0.011894654637780043,-0.0022297800420339794,0.1092878585378619,111.97053178102087,3.141218919916185,3.131218919916185,0.009999999999999787,69164.68865457644,37905.54687081829,True
0.263,0.8927262235498934,3.8766456371646454,1.1394790732763467,0.0954756601111508,-0.018161102739155423,0.06890785809155149,-0.02696464600819724,-0.07248871889607066,0.14346918284530885,0.011894288109212496,-0.002262496934915605,0.10954966983388802,112.23876972103108,3.1412189199161853,3.1312189199161855,0.009999999999999787,69231.47544625645,37874.55436917634,True
0.264,0.8961206198371554,3.891385734644359,1.139713163128103,0.09538239256521357,-0.018406872556686937,0.06901875422205439,-0.02798888048002792,-0.07232011730582835,0.1436329839565587,0.011893817907031578,-0.0022952662911814533,0.10982437192686348,112.52021488651728,3.1412189199161853,3.1312189199161855,0.009999999999999787,69297.85479370311,37842.657393528425,True
0.265,0.8995150161244173,3.9061258321240726,1.139947623031114,0.09528565151103116,-0.018652066903184265,0.06912589293268649,-0.02901125554445092,-0.07214964970387208,0.14380106006715435,0.011893237584997694,-0.002328088852970283,0.11011180002340348,112.81469843893532,3.1412189199161853,3.1312189199161855,0.009999999999999787,69363.82651376528,37809.85952670117,True
0.266,0.9029094124116793,3.9208659296037864,1.1401824402138154,0.09518544329821993,-0.01889667946519228,0.06922926402498925,-0.030031748777110005,-0.07197732816959085,0.14397335177957515,0.01189254063304683,-0.0023609652966092086,0.11041178685482128,113.12204900367823,3.1412189199161857,3.131218919916186,0.009999999999999787,69429.39045875825,37776.16439949137,True
0.267,0.9063038086989412,3.9356060270834994,1.1404176018705263,0.09508177435255996,-0.01914070397009634,0.06932885759554502,-0.03105033772617731,-0.07180316468724969,0.14414979941829015,0.011891720481508546,-0.002393896232812133,0.11072416288116642,113.44209287912291,3.1412189199161866,3.131218919916187,0.009999999999999787,69494.54651606978,37741.57569068024,True
0.268,0.9096982049862031,3.9503461245632128,1.1406530951624487,0.09497465117608876,-0.019384134185801337,0.06942466403467083,-0.0320669999119857,-0.07162717114716508,0.14433034305291287,0.011890770505286485,-0.002426882206913246,0.11104875649306414,113.77465424342414,3.1412189199161875,3.1312189199161877,0.009999999999999787,69559.29460776782,37706.09712705778,True
0.269,0.9130926012734651,3.9650862220429266,1.1408889072186623,0.09486408034719655,-0.019626963920414797,0.06951667402513269,-0.03308171282670308,-0.07144935934687573,0.1445149225210058,0.011889684028000586,-0.002459923699134831,0.11138539421084691,114.11955535853407,3.141218919916188,3.131218919916188,0.009999999999999787,69623.63469021022,37669.73248345725,True
0.27,0.916486997560727,3.97982631952264,1.1411250251371148,0.09475006852072206,-0.01986918702193391,0.06960487854087204,-0.034094453934054976,-0.07126974099230743,0.1447034774505048,0.011888454326087091,-0.00249302112488798,0.11173390088049386,114.47661677095147,3.1412189199161893,3.1312189199161895,0.009999999999999787,69687.56675365593,37632.48558279952,True
0.271,0.9198813938479891,3.9945664170023534,1.1413614359856084,0.09463262242804976,-0.020110797377936595,0.06968926884575462,-0.03510520066908591,-0.07108832769893303,0.14489594728176133,0.011887074632854933,-0.0025261748351052458,0.11209409986593052,114.84565750874171,3.1412189199161906,3.131218919916191,0.009999999999999787,69751.09082187826,37594.36029614757,True
0.272,0.923275790135251,4.009306514482067,1.1415981268027822,0.09451174887720748,-0.020351788915276343,0.06976983649232939,-0.036113930437967894,-0.0709051309929258,0.14509227128919341,0.011885538142496328,-0.00255938511660412,0.11246581323729245,115.2264952744217,3.141218919916193,3.131218919916193,0.009999999999999787,69814.20695177978,37555.36054277075,True
0.273,0.926670186422513,4.02404661196178,1.1418350845990888,0.0943874547529644,-0.020592155599781087,0.06984657332060205,-0.03712062061785083,-0.07072016231230688,0.14529238860252816,0.011883838014049023,-0.002592652192480117,0.11284886195477205,115.61894663331964,3.1412189199161946,3.131218919916195,0.009999999999999787,69876.9152330085,37515.49029021896,True
0.274,0.9300645827097749,4.038786709441494,1.1420722963577694,0.09425974701693023,-0.020831891435955915,0.06991947145683607,-0.03812524855674935,-0.0705334330080876,0.14549623822764068,0.011881967375309391,-0.0026259762225285506,0.11324306604771313,116.02282719706567,3.141218919916198,3.1312189199161984,0.009999999999999787,69939.21578757666,37474.75355440689,True
0.275,0.9334589789970369,4.053526806921208,1.1423097490358194,0.09412863270765578,-0.021070990466691055,0.069988523312346,-0.03912779157347616,-0.07034495434540679,0.1457037590669509,0.01187991932669229,-0.0026593573036935506,0.11364824478866246,116.43795180191593,3.1412189199162004,3.1312189199162006,0.009999999999999787,70001.10876947962,37433.15439970887,True
0.276,0.9368533752842988,4.068266904400921,1.142547429564942,0.09399411894074026,-0.021309446772978063,0.07005372158229177,-0.040128226957611264,-0.07015473750466933,0.14591488993940663,0.011877686945039607,-0.0026927954705441974,0.1140642168621348,116.8641346816602,3.1412189199162013,3.1312189199162015,0.009999999999999787,70062.59436431556,37390.69693906667,True
0.277,0.9402477715715608,4.083007001880635,1.1427853248525603,0.09385621290889858,-0.02154725447360075,0.07011505924465249,-0.04112653196951329,-0.06996279358262901,0.14612956960007722,0.01187526328737183,-0.0027262906957728882,0.11449080052773654,117.30118963474976,3.141218919916201,3.131218919916201,0.009999999999999787,70123.67278891758,37347.385334086764,True
0.278,0.9436421678588227,4.0977470993603475,1.1430234217827233,0.09371492188209328,-0.021784407724877303,0.07017252955894308,-0.04212268384036395,-0.06976913359354585,0.14634773675921323,0.011872641394584767,-0.002759842890722296,0.11492781377772525,117.74893018572448,3.141218919916201,3.131218919916201,0.009999999999999787,70184.34429096951,37303.2237951805,True
0.279,0.9470365641460847,4.112487196840061,1.1432617072170752,0.0935702532076227,-0.022020900720374235,0.07022612606513046,-0.04311665977225414,-0.06957376847028131,0.14656933010093598,0.011869814295088526,-0.0027934519059325327,0.11537507448858188,118.2071697405056,3.1412189199162013,3.1312189199162015,0.009999999999999787,70244.60914863474,37258.216581691835,True
0.28,0.9504309604333466,4.127227294319775,1.1435001679958081,0.09342221431021956,-0.022256727690631906,0.07027584258251947,-0.04410843693830488,-0.06937670906540058,0.14679428830145522,0.011866775008387141,-0.002827117531710837,0.11583240056659345,118.6757217355522,3.1412189199162004,3.1312189199162006,0.009999999999999787,70304.4676701852,37212.36800204012,True
0.281,0.9538253567206086,4.141967391799489,1.1437387909386059,0.09327081269214896,-0.02249188290289389,0.0703216732086532,-0.045097992482825304,-0.06917796615226779,0.1470225500468321,0.01186351654859809,-0.0028608394987221196,0.11629961008732932,119.15439978076093,3.141218919916201,3.131218919916201,0.009999999999999787,70363.92019363017,37165.68241387289,True
0.28200000000000003,0.9572197530078705,4.156707489279202,1.1439775628455882,0.09311605593330592,-0.02272636066083991,0.0703636123182294,-0.04608530352150454,-0.06897755042613427,0.14725405405030642,0.011860031927912318,-0.0028946174785996702,0.11677652142895734,119.6430177960548,3.141218919916201,3.131218919916201,0.009999999999999787,70422.96708634788,37118.16422422827,True
0.28300000000000003,0.9606141492951326,4.171447586758916,1.1442164704982491,0.09295795169131213,-0.02296015530432261,0.07040165456202994,-0.04707034714163959,-0.06877547250521956,0.14748873906914564,0.01185631415999064,-0.002928451084574257,0.11726295339933736,120.14139014159649,3.1412189199162013,3.1312189199162015,0.009999999999999787,70481.6087447182,37069.817889707156,True
0.28400000000000003,0.9640085455823945,4.186187684238629,1.1444555006603927,0.09279650770161191,-0.02319326120910782,0.07043579486586625,-0.0480531004023961,-0.06857174293178539,0.14772654392106319,0.011852356263299743,-0.0029623398721215135,0.11775872535691112,120.6493317416455,3.141218919916201,3.131218919916201,0.009999999999999787,70539.84559375675,37020.647916655325,True
0.28500000000000003,0.9674029418696564,4.200927781718343,1.1446946400790636,0.09263173177756717,-0.023425672786618598,0.07046602842953772,-0.04903354033510288,-0.06836637217320217,0.14796740750015247,0.01184815126438275,-0.0029962833396255995,0.11826365732536641,121.16665820203715,3.141218919916201,3.131218919916201,0.009999999999999787,70597.67808675044,36970.65886135511,True
0.28600000000000003,0.9707973381569184,4.2156678791980555,1.1449338754854772,0.09246363181055141,-0.023657384483682806,0.07049235072580572,-0.050011643943579036,-0.06815937062300828,0.1482112687923929,0.01184369220106833,-0.0030302809290592373,0.11877757010214796,121.693185921357,3.141218919916201,3.131218919916201,0.009999999999999787,70655.10670489508,36919.85533022704,True
0.28700000000000003,0.9741917344441803,4.230407976677769,1.1451731935959428,0.09229221577004246,-0.023888390782284254,0.07051475749937916,-0.05098738820449302,-0.06795074860196189,0.14845806689068095,0.011838972125614076,-0.003064332026678239,0.11930028536084016,122.22873219583673,3.1412189199162013,3.1312189199162015,0.009999999999999787,70712.13195693366,36868.24198004123,True
0.28800000000000003,0.9775861307314423,4.245148074157483,1.1454125811127864,0.09211749170371397,-0.024118686199317476,0.07053324476591646,-0.051960750067753296,-0.06774051635908523,0.14870774100941414,0.011833984107785819,-0.0030984359637300967,0.11983162574751245,122.77311531806453,3.1412189199162013,3.1312189199162015,0.009999999999999787,70768.75437879673,36815.823518138546,True
0.289,0.9809805270187041,4.259888171637196,1.1456520247252673,0.0919394677375256,-0.02434826528634593,0.07054780881103924,-0.05293170645692902,-0.06752868407270167,0.1489602304986221,0.011828721237872031,-0.003132592017175558,0.12037141497111621,123.3261546696009,3.141218919916201,3.131218919916201,0.009999999999999787,70824.97453324351,36762.604702661694,True
0.29,0.984374923305966,4.274628269116909,1.145891511110494,0.09175815207581157,-0.024577122629363856,0.0705584461893588,-0.05390023426970298,-0.06731526185146448,0.1492154748576536,0.011823176629633603,-0.003166799410422453,0.1209194778880465,123.88767080761617,3.141218919916201,3.131218919916201,0.009999999999999787,70880.79300950529,36708.59034279618,True
0.291,0.987769319593228,4.289368366596623,1.1461310269343346,0.09157355300136785,-0.02480525284856143,0.07056515372351893,-0.05486631037835066,-0.06710025973537911,0.1494734137484089,0.011817343423187713,-0.0032010573140705497,0.12147564058097589,124.45748554565951,3.141218919916201,3.131218919916201,0.009999999999999787,70936.21042292926,36653.785299021096,True
0.292,0.9911637158804899,4.304108464076336,1.1463705588523265,0.09138567887553742,-0.025032650598093516,0.07056792850324618,-0.055829911630252575,-0.06688368769681657,0.14973398700813062,0.011811214787826645,-0.0032353648466668557,0.12203973043211072,125.03542202871323,3.1412189199162013,3.1312189199162015,0.009999999999999787,70991.22741462471,36598.194483369865,True
0.293,0.9945581121677519,4.31884856155605,1.1466100935105796,0.09119453813829394,-0.025259310565851813,0.07056676788441726,-0.056791014848431756,-0.06666555564152002,0.14999713466176132,0.011804783924771802,-0.003269721075470588,0.12261157619100713,125.6213048026736,3.1412189199162013,3.1312189199162015,0.009999999999999787,71045.84465110945,36541.82285970098,True
0.294,0.9979525084550138,4.333588659035763,1.1468496175466794,0.09100013930832346,-0.02548522747324033,0.07056166948813668,-0.057749596832121025,-0.06644587340960326,0.1502627969338604,0.011798044069862134,-0.0033041250172267476,0.12319100803710017,126.21495987841489,3.141218919916201,3.131218919916201,0.009999999999999787,71100.06282395861,36484.67544397869,True
0.295,1.0013469047422758,4.3483287565154765,1.147089117590585,0.09080249098310414,-0.025710396074954407,0.07055263119982749,-0.058705634357357185,-0.06622465077654144,0.15053091426009282,0.011790988496177749,-0.0033385756389477145,0.12377785763710954,126.81621479060409,3.1412189199162013,3.1312189199162015,0.009999999999999787,71153.8826494542,36426.75730456364,True
0.296,1.0047413010295376,4.363068853995189,1.147328580265526,0.09060160183898404,-0.025934811158762807,0.07053965116833168,-0.05965910417760207,-0.0660018974541541,0.15080142729829016,0.011783610516598576,-0.003373071858701946,0.12437195819748954,127.42489865143851,3.1412189199162013,3.1312189199162015,0.009999999999999787,71207.3048682361,36368.07356251374,True
0.297,1.0081356973167996,4.377808951474903,1.1475679921888928,0.09039748063125644,-0.026158467545293496,0.07052272780502515,-0.06060998302439066,-0.06577762309158038,0.15107427693909856,0.011775903486299078,-0.0034076125464093197,0.12497314451210005,128.0408421994868,3.1412189199162013,3.1312189199162015,0.009999999999999787,71260.33024495406,36308.629391894974,True
0.298,1.0115300936040617,4.392549048954617,1.1478073399731292,0.09019013619423344,-0.026381360087822384,0.07050185978294268,-0.06155824760800349,-0.06555183727624643,0.1513494043162018,0.011767860805177995,-0.003442196524641924,0.12558125300526482,128.6638778438043,3.141218919916201,3.131218919916201,0.009999999999999787,71312.95956792175,36248.43002010242,True
0.299,1.0149244898913237,4.407289146434331,1.1480466102266165,0.08997957744131665,-0.02660348367206552,0.0704770460359118,-0.06250387461816717,-0.06532454953482475,0.15162675081614574,0.011759475920225072,-0.003476822569430123,0.12619612177041434,129.29383970352433,3.1412189199162013,3.1312189199162015,0.009999999999999787,71365.19364877092,36187.480728191455,True
0.3,1.0183188861785855,4.422029243914044,1.148285789554559,0.08976581336506592,-0.026824833215974484,0.07044828575770273,-0.06344684072477681,-0.06509576933418622,0.15190625808775807,0.011750742327824287,-0.0035114894110729335,0.12681759060447914,129.9305636430959,3.141218919916201,3.131218919916201,0.009999999999999787,71417.03332210799,36125.786851219156,True
0.301,1.0217132824658475,4.436769341393758,1.1485248645598642,0.08954885303726522,-0.02704540366953505,0.07041557840118101,-0.06438712257864647,-0.06486550608234323,0.1521878680511681,0.011741653575993893,-0.003546195734952014,0.12744550103822577,130.5738873033642,3.1412189199162013,3.1312189199162015,0.009999999999999787,71468.47944517084,36063.353778596,True
0.302,1.0251076787531095,4.451509438873471,1.148763821844021,0.08932870560898629,-0.02726519001456889,0.07037892367747997,-0.06532469681227943,-0.06463376912938648,0.1524715229064423,0.011732203266564569,-0.003580940182348835,0.12807969636271088,131.22365012867414,3.1412189199162017,3.131218919916202,0.009999999999999787,71519.53289748752,36000.18695444787,True
0.303,1.0285020750403715,4.4662495363531844,1.149002648007975,0.08910538031064934,-0.027484187264538613,0.070338321555176,-0.06625954004066531,-0.06440056776841252,0.1527571651418421,0.011722385057296121,-0.0036157213512644725,0.12872002165204788,131.87969339019583,3.141218919916202,3.1312189199162024,0.009999999999999787,71570.19458053567,35936.29187798853,True
0.304,1.0318964713276333,4.480989633832897,1.1492413296530004,0.08887888645208109,-0.027702390464355832,0.0702937722594728,-0.0671916288621005,-0.06416591123644368,0.15304473754169262,0.011712192663932045,-0.003650537797240959,0.1293663237826495,132.54186020563947,3.141218919916202,3.1312189199162024,0.009999999999999787,71620.46541740344,35871.67410390232,True
0.305,1.0352908676148953,4.495729731312611,1.1494798533815709,0.08864923342257008,-0.02791979469019246,0.07024527627140408,-0.06812093985902777,-0.06392980871534097,0.15333418319390266,0.011701619862195069,-0.003685388034184456,0.13001845144913848,133.20999555555656,3.141218919916202,3.1312189199162024,0.009999999999999787,71670.34635245136,35806.339242737566,True
0.306,1.0386852639021573,4.510469828792325,1.1497182057982258,0.08841643069091902,-0.028136395049294858,0.07019283432703402,-0.06904744959890236,-0.06369226933270808,0.15362544549710652,0.011690660489721538,-0.0037202705351887925,0.13067625517709372,133.8839462963991,3.141218919916203,3.1312189199162033,0.009999999999999787,71719.83835097557,35740.29296131034,True
0.307,1.0420796601894193,4.525209926272039,1.1499563735104348,0.0881804878054941,-0.02835218667980131,0.07013644741667475,-0.06997113463507709,-0.06345330216278794,0.15391846816747026,0.011679308447938056,-0.0037551837333597614,0.13133958733281242,134.56356117052113,3.1412189199162035,3.1312189199162037,0.009999999999999787,71768.94239887188,35673.54098311892,True
0.308,1.0454740564766811,4.539950023751752,1.1501943431294592,0.08794141439427136,-0.02856716475056232,0.07007611678410776,-0.07089197150771087,-0.0632129162273514,0.15421319524513805,0.011667557703878702,-0.0037901260226388595,0.13200830213024542,135.2486908132844,3.141218919916205,3.131218919916205,0.009999999999999787,71817.65950230116,35606.0890887688,True
0.309,1.0488684527639431,4.554690121231466,1.1504321012712118,0.08769922016487988,-0.028781324460964132,0.0700118439258173,-0.07180993674469666,-0.0629711204965779,0.15450957110035213,0.011655402291945479,-0.0038250957586266616,0.13268225563528108,135.93918775744754,3.141218919916206,3.1312189199162064,0.009999999999999787,71865.99068735586,35537.9431164085,True
0.31,1.0522628490512052,4.5694302187111795,1.150669634557112,0.08745391490464187,-0.028994661040754918,0.06994363059022751,-0.07272500686261066,-0.06272792388992852,0.15480754043923797,0.011642836315611669,-0.0038600912594049484,0.133361305767533,136.63490643499742,3.141218919916208,3.131218919916208,0.009999999999999787,71913.93699972726,35469.10896217604,True
0.311,1.0556572453384672,4.584170316190892,1.1509069296149417,0.08720550848060936,-0.029207169749874192,0.06987147877695427,-0.0736371583676822,-0.062483335277011096,0.15510704830926927,0.011629853949069253,-0.0038951108063573657,0.1340453122997849,137.3357031765806,3.1412189199162097,3.13121891991621,0.009999999999999787,71961.49950437462,35399.59258065622,True
0.312,1.059051641625729,4.598910413670605,1.1511439730796946,0.0869540108395977,-0.029418845878284992,0.06979539073605236,-0.07454636775678364,-0.06223736347843693,0.15540804010442044,0.011616449438821409,-0.003930152644988197,0.13473413685525518,138.04143620870065,3.1412189199162124,3.1312189199162126,0.009999999999999787,72008.67928519413,35329.39998534889,True
0.313,1.062446037912991,4.613650511150319,1.151380751594427,0.08669943200821556,-0.029629684745809154,0.06971536896728829,-0.0754526115184381,-0.061990017266671034,0.15571046157001175,0.011602617105220498,-0.003965214985738773,0.13542764290280523,138.7519656488089,3.1412189199162155,3.1312189199162157,0.009999999999999787,72055.47744469038,35258.53724914798,True
0.314,1.065840434200253,4.628390608630033,1.1516172518111019,0.08644178209289155,-0.02983968170196505,0.06963141621939549,-0.0763558661338493,-0.061741305366872556,0.1560142588072559,0.01158835134395266,-0.004000296004801156,0.1361256957502617,139.46715349846264,3.1412189199162195,3.1312189199162197,0.009999999999999787,72101.89510364726,35187.01050483157,True
0.315,1.0692348304875148,4.643130706109746,1.151853460391435,0.08618107127989756,-0.03004883212580877,0.0695435354893609,-0.0772561080779476,-0.061491236457729775,0.15631937827752035,0.011573646627470265,-0.0040353938449290095,0.1368281625359597,140.18686363466097,3.141218919916224,3.131218919916224,0.009999999999999787,72147.93340080163,35114.825945563156,True
0.316,1.0726292267747768,4.65787080358946,1.152089364007729,0.08591730983538112,-0.030257131425783255,0.06945173002165536,-0.07815331382048944,-0.06123981917229477,0.1566257668063021,0.011558497506374034,-0.004070506616245659,0.13753491221871242,140.91096179956804,3.141218919916224,3.131218919916224,0.009999999999999787,72193.59349251712,35041.989825409284,True
0.317,1.0760236230620388,4.672610901069174,1.15232494934373,0.08565050810534396,-0.0304645750395486,0.06935600330765196,-0.07904745982704506,-0.06098706209877444,0.15693337158692933,0.01154289861073746,-0.00410563239704555,0.1382458155660518,141.6393155884651,3.1412189199162244,3.1312189199162246,0.009999999999999787,72238.87655245738,34968.50845984704,True
0.318,1.0794180193493008,4.6873509985488875,1.1525602030954476,0.0853806765156895,-0.030671158433846643,0.06925635908479687,-0.0799385225601902,-0.06073297378136711,0.157242140184001,0.011526844651391723,-0.004140769234596153,0.13896074514138934,142.37179443659616,3.141218919916224,3.131218919916224,0.009999999999999787,72283.78377126346,34894.388226313655,True
0.319,1.0828124156365626,4.7020910960285995,1.1527951119719948,0.08510782557222012,-0.030876877104348027,0.06915280133594691,-0.08082647848059606,-0.060477562721056935,0.15755202053655862,0.011510330421154458,-0.004175915145932609,0.13967957528969543,143.1082696044958,3.1412189199162244,3.1312189199162246,0.009999999999999787,72328.31635623024,34819.635564747456,True
0.32,1.0862068119238246,4.716831193508313,1.1530296626964194,0.08483196586064155,-0.03108172657550693,0.0690453342886728,-0.08171130404816546,-0.06022083737640871,0.15786296096102392,0.011493350796013144,-0.00421106811864897,0.14040218212207062,143.84861416218166,3.141218919916225,3.131218919916225,0.009999999999999787,72372.47553098394,34744.25697814491,True
0.321,1.0896012082110866,4.731571290988027,1.1532638420065335,0.0845531080465637,-0.03128570240041833,0.06893396241456823,-0.08259297572318464,-0.0599628061643554,0.15817491015387763,0.011475900736260142,-0.004246226111684226,0.14112844349923992,144.59270297224367,3.141218919916225,3.131218919916225,0.009999999999999787,72416.26253516105,34668.2590331291,True
0.322,1.0929956044983486,4.746311388467741,1.153497636655741,0.08427126287549726,-0.031488800160678065,0.06881869042856265,-0.08347146996749281,-0.059703477460977504,0.15848781719411306,0.011457975287582169,-0.004281387056103658,0.14185823901408984,145.34041267195235,3.1412189199162244,3.1312189199162246,0.009999999999999787,72459.67862408783,34591.64836052938,True
0.323,1.0963900007856104,4.761051485947454,1.1537310334138617,0.08398644117284647,-0.03169101546624546,0.06869952328823856,-0.08434676324566666,-0.05944285960227518,0.15880163154545557,0.011439569582103853,-0.004316548855874772,0.14259144997332898,146.09162165446926,3.141218919916224,3.131218919916224,0.009999999999999787,72502.72506846095,34514.43165597262,True
0.324,1.0997843970728725,4.775791583427168,1.153964019067955,0.08369865384389773,-0.031892343955308634,0.0685764661931526,-0.08521883202622167,-0.059180960884932333,0.15911630305836663,0.011420678839387187,-0.004351709388637993,0.1433279593783697,146.84621004925938,3.1412189199162244,3.1312189199162246,0.009999999999999787,72545.40315402923,34436.61568048574,True
0.325,1.1031787933601345,4.790531680906882,1.1541965804231387,0.0834079118738043,-0.032092781294152224,0.0684495245841611,-0.0860876527828278,-0.058917789567073615,0.1594317819718395,0.011401298367387673,-0.004386866506471846,0.1440676519055132,147.60405970178974,3.1412189199162244,3.1312189199162246,0.009999999999999787,72587.71418127591,34358.20726110995,True
0.326,1.1065731896473965,4.8052717783865955,1.1544287043034078,0.08311422632756657,-0.03229232317702786,0.06831870414274709,-0.08695320199554153,-0.05865335386901321,0.159748018914977,0.011381423563366844,-0.004422018036652075,0.14481041388550947,148.3650541525877,3.1412189199162244,3.1312189199162246,0.009999999999999787,72629.65946510204,34279.21329152629,True
0.327,1.1099675859346583,4.820011875866308,1.1546603775524502,0.08281760835000841,-0.03249096532602704,0.06818401079035209,-0.08781545615205191,-0.05838766197399656,0.16006496490838037,0.01136104991476362,-0.004457161782405056,0.14555613328257785,149.12907861574652,3.1412189199162244,3.1312189199162246,0.009999999999999787,72671.24033451102,34199.640732692824,True
0.328,1.1133619822219203,4.834751973346021,1.1548915870344594,0.08251806916574896,-0.032688703490956594,0.06804545068771004,-0.08867439174894164,-0.05812072202893427,0.16038257136534628,0.011340173000024718,-0.004492295523655146,0.14630469967295537,149.89601995694713,3.141218919916225,3.131218919916225,0.009999999999999787,72712.45813229353,34119.49661349333,True
0.329,1.1167563785091823,4.849492070825735,1.1551223196349465,0.08221562007917048,-0.03288553344921654,0.06790303023418409,-0.08952998529296191,-0.057852542145128735,0.16070079009287896,0.011318788489394873,-0.004527417017765778,0.14705600422303705,150.6657666710618,3.1412189199162244,3.1312189199162246,0.009999999999999787,72753.31421471402,34038.78803139768,True
0.33,1.120150774796444,4.864232168305448,1.1553525622615484,0.08191027247438147,-0.03308145100568042,0.06775675606710349,-0.09038221330232263,-0.05758313039899272,0.1610195732925242,0.011296892145667828,-0.004562524000274219,0.147809939667174,151.43820885940727,3.1412189199162244,3.1312189199162246,0.009999999999999787,72793.8099511974,33957.52215313366,True
0.331,1.123545171083706,4.878972265785162,1.1555823018448346,0.08160203781517568,-0.033276451992578185,0.0676066350611055,-0.09123105230799425,-0.05731249483276127,0.16133887356103246,0.011274479824898948,-0.004597614185619874,0.14856640028518275,152.213238206702,3.1412189199162244,3.1312189199162246,0.009999999999999787,72833.94672401715,33875.70621537043,True
0.332,1.1269395673709681,4.893712363264876,1.1558115253391117,0.0812909276449865,-0.033470532269381265,0.06745267432747626,-0.09207647885502497,-0.05704064345519548,0.16165864389085716,0.011251547477080228,-0.004632685267865991,0.14932528187962596,152.99074795778927,3.141218919916224,3.131218919916224,0.009999999999999787,72873.72592798401,33793.34752541362,True
0.333,1.1303339636582301,4.90845246074459,1.156040219723226,0.08097695358683699,-0.033663687722690155,0.06729488121349537,-0.09291846950386973,-0.05676758424227936,0.161978837670503,0.011228091146779204,-0.004667734921414956,0.15008648175291667,153.77063289417933,3.1412189199162244,3.1312189199162246,0.009999999999999787,72913.14897013595,33710.45346191189,True
0.334,1.133728359945492,4.923192558224303,1.1562683720013622,0.08066012734328526,-0.03385591426612438,0.06713326330177793,-0.09375700083173306,-0.0564933251379087,0.16229940868471252,0.011204106973741235,-0.004702760801716579,0.15084989868428647,154.55278931045223,3.141218919916225,3.131218919916225,0.009999999999999787,72952.21726942818,33627.03147557518,True
0.335,1.137122756232754,4.937932655704016,1.1564959692038423,0.08034046069636527,-0.034047207840214706,0.06696782840962115,-0.09459204943392405,-0.056217874054573236,0.16262031111451722,0.011179591193457397,-0.004737760545969815,0.15161543290667037,155.33711499057523,3.141218919916224,3.131218919916224,0.009999999999999787,72990.93225642508,33543.08908990429,True
0.336,1.140517152520016,4.95267275318373,1.156722998387921,0.08001796550752321,-0.034237564412297666,0.06679858458834859,-0.09542359192522343,-0.05594123887403098,0.16294149953713816,0.01115454013769738,-0.004772731773817311,0.1523829860835395,156.12350918416695,3.1412189199162244,3.1312189199162246,0.009999999999999787,73029.29537299245,33458.63390193216,True
0.337,1.143911548807278,4.967412850663443,1.156949446638578,0.07969265371754888,-0.034426979976412364,0.06662554012265481,-0.09625160494126374,-0.055663427447975214,0.16326292892576935,0.01112895023500996,-0.004807672088033482,0.15315246128573753,156.91187258276508,3.1412189199162244,3.1312189199162246,0.009999999999999787,73067.30807199028,33373.67358297638,True
0.338,1.1473059450945398,4.982152948143156,1.1571753010693098,0.07936453734650273,-0.034615450553199596,0.06644870352995258,-0.09707606513991968,-0.05538444759869472,0.16358455464922228,0.011102818011190025,-0.004842579075205281,0.15392376296833465,157.70210729611227,3.141218919916225,3.131218919916225,0.009999999999999787,73104.97181696723,33288.21587940327,True
0.339,1.1507003413818018,4.99689304562287,1.157400548822919,0.07903362849363782,-0.034802972189803154,0.06626808355971646,-0.09789694920271128,-0.055104307119726144,0.16390633247145242,0.011076140089713913,-0.004877450306406068,0.15469679694754748,158.49411682850945,3.141218919916225,3.131218919916225,0.009999999999999787,73142.2880818554,33202.268613403154,True
0.34,1.1540947376690638,5.011633143102584,1.1576251770723,0.07869993933731728,-0.03498954095977324,0.06608368919282484,-0.09871423383621845,-0.054823013776499126,0.16422821855096845,0.011048913192143486,-0.004912283337862375,0.15547147037774994,159.28780605526237,3.1412189199162244,3.1312189199162246,0.009999999999999787,73179.25835066586,33115.83968377686,True
0.341,1.1574891339563258,5.026373240582298,1.157849173021223,0.0783634821349268,-0.035175152962972224,0.06589552964090498,-0.09952789577350542,-0.054540575306974655,0.16455016944013606,0.011021134138500147,-0.004947075711613793,0.1562476917286031,160.08308119925007,3.141218919916225,3.131218919916225,0.009999999999999787,73215.88411718533,33028.93706673346,True
0.342,1.1608835302435876,5.041113338062011,1.158072523905118,0.07802426922278229,-0.035359804325482455,0.06570361434567516,-0.1003379117755566,-0.054256999422276,0.16487214208437312,0.010992799847608876,-0.004981824956165636,0.15702537076232922,160.87984980764128,3.1412189199162257,3.131218919916226,0.009999999999999787,73252.16688467402,32941.56881669894,True
0.343,1.1642779265308496,5.055853435541724,1.1582952169918526,0.0776823130160326,-0.03554349119951626,0.06550795297828318,-0.10114425863272314,-0.053972293807312284,0.16519409382124334,0.01096390733741324,-0.005016528587134517,0.15780441851115354,161.67802072878203,3.1412189199162257,3.131218919916226,0.009999999999999787,73288.10816556343,32853.74306713584,True
0.34400000000000003,1.1676723228181116,5.070593533021438,1.1585172395825107,0.07733762600855747,-0.03572620976332792,0.06530855543864375,-0.10194691316617993,-0.053686466121394834,0.1655159823794569,0.010934453725262194,-0.005051184107886815,0.1585847472549369,162.47750408927968,3.141218919916226,3.1312189199162264,0.009999999999999787,73323.70948115567,32765.468031373646,True
0.34500000000000003,1.1710667191053736,5.085333630501152,1.1587385790121683,0.07699022077286032,-0.035907956221127885,0.06510543185477485,-0.10274585222939189,-0.05339952399884674,0.16583776587778132,0.010904436228169318,-0.005085789010170126,0.15936627049901583,163.2782112712987,3.141218919916227,3.1312189199162273,0.009999999999999787,73358.97236132367,32676.752003449827,True
0.34600000000000003,1.1744611153926354,5.100073727980864,1.1589592226506653,0.07664010995995625,-0.036088726802998974,0.06489859258213398,-0.10354105270958915,-0.05311147504960571,0.16615940282386413,0.010873852163044945,-0.005120340774737485,0.16014890295226508,164.080054890085,3.141218919916228,3.131218919916228,0.009999999999999787,73393.8983442118,32587.603358961343,True
0.34700000000000003,1.1778555116798974,5.114813825460578,1.1591791579033779,0.07628730629925479,-0.03626851776481464,0.06468804820294571,-0.10433249152925475,-0.05282232685981848,0.16648085211298036,0.010842698946902334,-0.00515483687196471,0.1609325605054116,164.88294877174735,3.1412189199162293,3.1312189199162295,0.009999999999999787,73428.48897593784,32498.03055592637,True
0.34800000000000003,1.1812499079671595,5.129553922940292,1.159398372211986,0.07593182259843775,-0.03644732538815913,0.06447380952552824,-0.10512014564761937,-0.05253208699242901,0.16680207302669647,0.010810974097037743,-0.005189274762460415,0.16171716020959745,165.6868079312942,3.1412189199162306,3.131218919916231,0.009999999999999787,73462.74581029531,32408.04213565613,True
0.34900000000000003,1.1846443042544212,5.144294020420005,1.1596168530552404,0.07557367174333193,-0.036625145980249754,0.06425588758362344,-0.10590399206216397,-0.05224076298776047,0.16712302523146821,0.01077867523118587,-0.005223651897669196,0.16250262025521064,166.49154855094486,3.141218919916232,3.131218919916232,0.009999999999999787,73496.67040845715,32317.64672363657,True
0.35000000000000003,1.1880387005416833,5.1590341178997186,1.1598345879497258,0.07521286669777677,-0.03680197587386117,0.06403429363571263,-0.1066840078101339,-0.051948362364088535,0.16744366877716346,0.010745800067650408,-0.005257965720467555,0.163288859951,167.29708795873174,3.1412189199162346,3.131218919916235,0.009999999999999787,73530.26433867979,32226.853030419647,True
0.35100000000000003,1.1914330968289453,5.173774215379432,1.160051564450624,0.07484942050348663,-0.03697781142725131,0.06380903916433597,-0.10746016997006065,-0.051654892618208596,0.1677639640955311,0.010712346425411393,-0.0052922136657531,0.16407579970348152,168.103344607401,3.1412189199162377,3.131218919916238,0.009999999999999787,73563.52917600867,32135.66985252384,True
0.352,1.194827493116207,5.188514312859145,1.1602677701524713,0.07448334627990832,-0.037152649024089636,0.06358013587540651,-0.10823245566328972,-0.05136036122599644,0.16808387199860186,0.010678312224208853,-0.00532639316102657,0.16486336099663768,168.9102380536139,3.141218919916242,3.1312189199162423,0.009999999999999787,73596.46650198381,32044.106073343853,True
0.353,1.198221889403469,5.203254410338859,1.1604831926899175,0.0741146572240728,-0.03732648507338693,0.06334759569751632,-0.10900084205552035,-0.05106477564296067,0.16840335367703485,0.010643695484603779,-0.0053605016269669325,0.16565146637192918,169.71768893746759,3.141218919916247,3.1312189199162472,0.009999999999999787,73629.0779043471,31952.170664068846,True
0.354,1.2016162856907309,5.217994507818571,1.1606978197384792,0.07374336661044242,-0.03749931600942711,0.06311143078124473,-0.10976530635834866,-0.050768143304790056,0.16872237069841559,0.010608494328017384,-0.00539453647799973,0.16644003940861526,170.52561896233237,3.141218919916253,3.131218919916253,0.009999999999999787,73661.36497674984,31859.87268460925,True
0.355,1.2050106819779929,5.232734605298285,1.1609116390152936,0.07336948779075367,-0.037671138291701045,0.06287165349845131,-0.11052582583082907,-0.0504704716278927,0.1690408850054997,0.010572706976748484,-0.005428495122858392,0.167229004704403,171.3339508750262,3.141218919916259,3.1312189199162592,0.009999999999999787,73693.32931846206,31767.221284531937,True
0.356,1.208405078265255,5.247474702777999,1.161124638279868,0.07299303419385798,-0.03784194840484201,0.06262827644156688,-0.11128237778104948,-0.050171768009931714,0.16935885891443136,0.010536331753971624,-0.005462374965139382,0.1680182878564369,172.14260844633748,3.1412189199162586,3.131218919916259,0.009999999999999787,73724.97253408247,31674.22570400404,True
0.357,1.211799474552517,5.262214800257713,1.1613368053348239,0.0726140193255325,-0.038011742858562216,0.06238131242291265,-0.11203493956762081,-0.049872039830339304,0.1696762551128495,0.010499367083706712,-0.005496173403848212,0.16880781544247347,172.9515164517375,3.1412189199162586,3.131218919916259,0.009999999999999787,73756.29623324488,31580.89527473533,True
0.358,1.2151938708397787,5.276954897737426,1.1615481280266469,0.07223245676832726,-0.0381805181875927,0.06213077447395036,-0.11278348860133454,-0.049571294450847764,0.16999303665805832,0.010461811490781025,-0.005529887833942233,0.16959751500262166,173.76060065267274,3.141218919916259,3.1312189199162592,0.009999999999999787,73787.3020303341,31487.23942094198,True
0.359,1.2185882671270407,5.2916949952171395,1.161758594246427,0.0718483601813782,-0.03834827095162387,0.061876675844571336,-0.11352800234671565,-0.04926953921599743,0.17030916697509765,0.010423663600763525,-0.0055635156468645695,0.170387315021256,174.56978777803405,3.1412189199162586,3.131218919916259,0.009999999999999787,73817.99154419656,31393.267660306417,True
0.36,1.2219826634143027,5.306435092696853,1.1619681919305997,0.07146174330022224,-0.03851499773524788,0.061619030002367826,-0.11426845832360934,-0.048966781453641986,0.17062460985478878,0.010384922139881667,-0.005597054231071691,0.17117714490929717,175.37900550600222,3.1412189199162586,3.131218919916259,0.009999999999999787,73848.36639785348,31298.989604945375,True
0.361,1.2253770597015645,5.321175190176566,1.1621769090616831,0.07107261993660668,-0.038680695147902955,0.06135785063189883,-0.11500483410877425,-0.04866302847544694,0.17093932945175744,0.01034558593492001,-0.005630500972554686,0.1719669349868308,176.18818244624006,3.141218919916259,3.1312189199162592,0.009999999999999787,73878.42821821482,31204.414962383093,True
0.362,1.2287714559888265,5.335915287656279,1.1623847336690134,0.07068100397829331,-0.03884535982381923,0.06109315163394852,-0.11573710733748131,-0.04835828757738137,0.17125329028242958,0.010305653913100624,-0.0056638532553539836,0.17275661646606097,176.99724812242764,3.1412189199162586,3.131218919916259,0.009999999999999787,73908.17863579433,31109.55353652896,True
0.363,1.2321658522760885,5.350655385135993,1.1625916538294772,0.07028690938885714,-0.039008988421966276,0.06082494712477826,-0.11646525570511829,-0.04805256604020289,0.17156645722299954,0.010265125101945622,-0.005697108462067536,0.17354612143459475,177.80613295513626,3.1412189199162586,3.131218919916259,0.009999999999999787,73937.61928442522,31014.415228659072,True
0.364,1.2355602485633506,5.365395482615707,1.1627976576682422,0.06989035020747951,-0.03917157762600232,0.060553251435372255,-0.11718925696879935,-0.04774587112993615,0.17187879550737742,0.01022399862912238,-0.005730263974352628,0.17433538283906003,178.6147682450445,3.1412189199162586,3.131218919916259,0.009999999999999787,73966.75180097712,30919.01003840095,True
0.365,1.2389546448506124,5.38013558009542,1.1630027333594843,0.06949134054873599,-0.039333124144225,0.06027807911067375,-0.11790908894898035,-0.047438210098344286,0.17219027072511697,0.01018227372227192,-0.005763317173421348,0.17512433446905637,179.42308615649475,3.1412189199162586,3.131218919916259,0.009999999999999787,73995.5778250737,30823.34806472069,True
0.366,1.2423490411378744,5.394875677575134,1.163206869127113,0.06908989460237835,-0.03949362470952379,0.05999944490881695,-0.11862472953107862,-0.04712959018339396,0.17250084881932573,0.010139949708820676,-0.005796265440529755,0.17591291094143335,180.23101970138583,3.1412189199162586,3.131218919916259,0.009999999999999787,74024.09899881143,30727.439506911705,True
0.367,1.2457434374251364,5.4096157750548475,1.1634100532454932,0.06868602663311163,-0.03965307607933392,0.05971736380034851,-0.11933615666709715,-0.046820018609713826,0.17281049608456225,0.010097026015776332,-0.005829106157460876,0.17670104768489922,181.0385027234039,3.1412189199162586,3.131218919916259,0.009999999999999787,74052.31696647927,30631.294665584497,True
0.368,1.2491378337123984,5.424355872534561,1.1636122740401653,0.06827975098036511,-0.03981147503559185,0.05943185096744236,-0.12004334837725364,-0.04650950258904619,0.17311917916472225,0.010053502169507955,-0.005861836707001627,0.17748868092495584,181.84546988258742,3.1412189199162586,3.131218919916259,0.009999999999999787,74080.233374279,30534.923943656122,True
0.369,1.2525322299996602,5.439095970014274,1.1638135198885622,0.06787108205805811,-0.03996881838469233,0.05914292180310654,-0.12074628275161342,-0.04619804932069215,0.1734268650509067,0.010009377795510347,-0.005894454473413349,0.17827574766915064,182.6518566402172,3.141218919916259,3.1312189199162592,0.009999999999999787,74107.84987004712,30438.337847338913,True
0.37,1.2559266262869222,5.453836067493987,1.1640137792207235,0.06746003435436007,-0.04012510295744691,0.05885059191038015,-0.12144493795172658,-0.04588566599195004,0.17373352107928813,0.009964652618153743,-0.005926956842896566,0.17906218569265417,183.4575992440399,3.1412189199162586,3.131218919916259,0.009999999999999787,74135.16810297727,30341.546987127105,True
0.371,1.2593210225741842,5.468576164973701,1.1642130405200064,0.06704662243144514,-0.040280325609043904,0.058554877101524475,-0.12213929221226791,-0.04557235977854781,0.17403911492896865,0.009919326460418787,-0.005959341204049696,0.1798479335241506,184.26263471381225,3.141218919916259,3.1312189199162592,0.009999999999999787,74162.18972334359,30244.56207878052,True
0.372,1.2627154188614462,5.483316262453415,1.164411292323796,0.06663086092524123,-0.04043448321900985,0.05825579339720206,-0.12282932384268137,-0.04525813784506814,0.17434361461983733,0.009873399243617364,-0.005991604948322009,0.18063293043204678,185.0669008271714,3.141218919916259,3.1312189199162592,0.009999999999999787,74188.9163822256,30147.393944304193,True
0.373,1.266109815148708,5.498056359933128,1.1646085232242094,0.06621276454517332,-0.0405875726911724,0.05795335702564941,-0.12351501122882722,-0.044943007345367485,0.17464698851040952,0.009826870987098573,-0.006023745470460213,0.18141711641097827,185.87033610580997,3.141218919916259,3.1312189199162592,0.009999999999999787,74215.34973123345,30050.053512922674,True
0.374,1.26950421143597,5.512796457412842,1.1648047218688011,0.06579234807390125,-0.04073959095362463,0.05764758442183972,-0.1241963328346314,-0.04462697542298886,0.1749492052956911,0.009779741807942477,-0.006055760168950189,0.18220043216863863,186.67287980198182,3.1412189199162586,3.131218919916259,0.009999999999999787,74241.49142223499,29952.551822047913,True
0.375,1.272898607723232,5.5275365548925555,1.164999876961261,0.06536962636705212,-0.04089053495869068,0.05733849222663419,-0.12487326720373931,-0.044310049211567296,0.17525023400501144,0.00973201192063874,-0.006087646446451893,0.18298281911289144,187.47447188529787,3.1412189199162586,3.131218919916259,0.009999999999999787,74267.34310708268,29854.9000182394,True
0.376,1.2762930040104938,5.542276652372268,1.1651939772621136,0.06494461435294674,-0.04104040168289282,0.057026097285927266,-0.12554579296116974,-0.043992235835229924,0.1755500439998864,0.009683681636753672,-0.006119401710229595,0.18376421933919462,188.27505302984164,3.141218919916259,3.1312189199162592,0.009999999999999787,74292.90643734294,29757.109358155132,True
0.377,1.2796874002977559,5.557016749851982,1.1653870115894112,0.06451732703232052,-0.041189188126919886,0.056710416649779924,-0.1262138888149732,-0.04367354240898874,0.1758486049718689,0.009634751364583626,-0.0061510233725760016,0.18454457561831017,189.07456460157726,3.1412189199162586,3.131218919916259,0.009999999999999787,74318.18306402548,29659.19120949205,True
0.378,1.2830817965850179,5.571756847331696,1.1655789688194267,0.06408777947803905,-0.04133689131559693,0.056391467571543764,-0.12687753355789014,-0.04335397603912775,0.1761458869404046,0.009585221608795895,-0.006182508851230847,0.1853238313843009,189.8729486460517,3.1412189199162595,3.1312189199162597,0.009999999999999787,74343.17463731444,29561.157051914543,True
0.379,1.2864761928722799,5.586496944811409,1.1657698378873411,0.06365598683480757,-0.041483508297856284,0.056069267506971845,-0.12753670606901318,-0.04303354382358247,0.1764418602507022,0.009535092970057802,-0.006213855569794336,0.18610193072282075,190.67014787639755,3.141218919916259,3.1312189199162592,0.009999999999999787,74367.88280629997,29463.018477969104,True
0.38,1.2898705891595417,5.601237042291122,1.1659596077879293,0.06322196431887525,-0.041629036146709826,0.055743834113325744,-0.12819138531544816,-0.04271225285231479,0.1767364955716023,0.00948436614465335,-0.0062450609581348945,0.1868788183596731,191.46610566161044,3.1412189199162595,3.1312189199162597,0.009999999999999787,74392.30921871126,29364.787193983964,True
0.381,1.2932649854468037,5.615977139770836,1.166148267576243,0.06278572721773334,-0.04177347195922262,0.055415185248466475,-0.12884155035397823,-0.04239011020768023,0.1770297638934585,0.009433041924088252,-0.0062761224527917115,0.18765443964965153,192.26076601511605,3.1412189199162595,3.1312189199162597,0.009999999999999787,74416.45552065097,29266.475020951522,True
0.382,1.2966593817340657,5.63071723725055,1.1663358063682892,0.062347290889808296,-0.041916812856487594,0.05508333896993431,-0.12948718033272846,-0.04206712296478883,0.17732163652602853,0.009381121194683598,-0.006307037497372017,0.18842874056565104,193.05407358361379,3.14121891991626,3.13121891991626,0.009999999999999787,74440.32335633009,29168.0938953921,True
0.383,1.3000537780213277,5.6454573347302635,1.1665222133417075,0.0619066707641486,-0.04205905598360164,0.0547483135340239,-0.13012825449283055,-0.04174329819186083,0.1776120850963768,0.009328604937158199,-0.006337803542943201,0.18920166768804184,193.84597363618997,3.1412189199162603,3.1312189199162606,0.009999999999999787,74463.91436780457,29069.65587019683,True
0.384,1.3034481743085895,5.660197432209976,1.1667074777364423,0.061463882340106406,-0.04220019850964279,0.05441012739484119,-0.13076475217008857,-0.041418642950574874,0.1779010815467819,0.009275494226199586,-0.00636841804841953,0.18997316819430443,194.63641205369836,3.1412189199162612,3.1312189199162614,0.009999999999999787,74487.23019471273,28971.173115447895,True
0.385,1.3068425705958515,5.67493752968969,1.166891588855413,0.061018941187013204,-0.042340237627648575,0.054068799203352294,-0.13139665279664497,-0.0410931642964102,0.17818859813266785,0.00922179023002477,-0.006398878480944173,0.1907431898489268,195.42533531840942,3.141218919916262,3.1312189199162623,0.009999999999999787,74510.27247401394,28872.657919213885,True
0.386,1.3102369668831135,5.689677627169404,1.1670745360651804,0.06057186294385014,-0.042479170554595616,0.053724347806422316,-0.13202393590264586,-0.040766869278983375,0.17847460742054078,0.009167494209929997,-0.0064291823162659165,0.19151168099354648,196.2126905039103,3.141218919916263,3.131218919916263,0.009999999999999787,74533.04283972863,28774.12268831832,True
0.387,1.3136313631703755,5.704417724649118,1.1672563087966104,0.060122663318912514,-0.04261699453138022,0.05337679224584065,-0.13264658111790578,-0.04043976494237815,0.17875908228593737,0.00911260751982997,-0.006459327039110824,0.1922785905373396,196.99842526525805,3.1412189199162652,3.1312189199162654,0.009999999999999787,74555.54292267929,28675.579949078685,True
0.388,1.3170257594576373,5.71915782212883,1.167436896545533,0.059671358089468544,-0.04275370682280016,0.053026151757335035,-0.13326456817357335,-0.04011185832546884,0.17904199591140432,0.009057131605787697,-0.00648931014354953,0.19304386794766298,197.78248782939207,3.141218919916267,3.131218919916267,0.009999999999999787,74577.77435023262,28577.042348013947,True
0.389,1.3204201557448993,5.733897919608544,1.1676162888734007,0.059217963101412495,-0.0428893047175376,0.0526724457695731,-0.1338778769037949,-0.03978315646223783,0.17932332178447152,0.0090010680055332,-0.006519129133358921,0.1938074632409196,198.5648269857752,3.1412189199162692,3.1312189199162694,0.009999999999999787,74599.73874604345,28478.52265251795,True
0.39,1.3238145520321614,5.748638017088258,1.16779447540794,0.0587624942689125,-0.043023785528142885,0.05231569390315229,-0.13448648724737677,-0.03945366638208725,0.1796030336956599,0.008944418347973401,-0.00654878152237964,0.1945693269736681,199.34539207728506,3.141218919916273,3.131218919916273,0.009999999999999787,74621.43772979912,28380.03375149604,True
0.391,1.3272089483194234,5.7633781145679714,1.1679714458438013,0.05830496757405235,-0.04315714659101971,0.051955915969582905,-0.13509037924944622,-0.039123395110144746,0.17988110573649868,0.008887184352691936,-0.006578264834868598,0.19532941023395287,200.12413299133135,3.1412189199162763,3.1312189199162765,0.009999999999999787,74642.87291696563,28281.588655962434,True
0.392,1.3306033446066852,5.778118212047684,1.1681471899432068,0.05784539906646767,-0.04328938526641093,0.05159313197024626,-0.1356895330631124,-0.038792349667561246,0.1801575122975597,0.008829367829439492,-0.0066075766058467395,0.19608766463286617,200.90100015121084,3.141218919916281,3.1312189199162814,0.009999999999999787,74664.04591853516,28183.20049959519,True
0.393,1.3339977408939472,5.792858309527398,1.1683216975365909,0.057383804862976645,-0.04342049893838566,0.05122736209535395,-0.1362839289511233,-0.038460537071805134,0.1804322280665136,0.008770970677615095,-0.00663671438144234,0.19684404229632235,201.67594450767962,3.141218919916288,3.131218919916288,0.009999999999999787,74684.95834077422,28084.882539246264,True
0.394,1.3373921371812092,5.807598407007112,1.1684949585232416,0.056920201147205196,-0.043550485014827264,0.05085862672288729,-0.13687354728752132,-0.03812796433694886,0.1807052280262077,0.008711994885738386,-0.0066656757192297906,0.19759849585705372,202.44891753075254,3.141218919916296,3.131218919916296,0.009999999999999787,74705.61178497421,27986.64815540346,True
0.395,1.340786533468471,5.822338504486825,1.1686669628719344,0.05645460416920621,-0.04367934092742228,0.05048694641752631,-0.13745836855929658,-0.03779463847395006,0.18097648745275444,0.008652442530912562,-0.006694458188563583,0.19835097844680982,203.219871201711,3.1412189199163048,3.131218919916305,0.009999999999999787,74726.00784720208,27888.510852600997,True
0.396,1.344180929755733,5.837078601966538,1.1688377006215651,0.055987030245074024,-0.04380706413165018,0.05011234192956145,-0.13803837336804214,-0.03746056649092606,0.1812459819136485,0.008592315778279016,-0.006723059370908071,0.1991014436887748,203.9887580053341,3.141218919916316,3.131218919916316,0.009999999999999787,74746.14811805332,27790.484259775843,True
0.397,1.347575326042995,5.851818699446252,1.1690071618817823,0.05551749575656059,-0.04393365210677259,0.04973483419379413,-0.13861354243164045,-0.03712575539342887,0.18151368726593717,0.00853161688046603,-0.00675147686016384,0.19984984569023573,204.75553092238715,3.141218919916316,3.131218919916316,0.009999999999999787,74766.03418240818,27692.58213056833,True
0.398,1.350969722330257,5.866558796925966,1.1691753368335982,0.055046017150652354,-0.0440591023558302,0.04935444432844652,-0.13918385658577626,-0.03679021218469132,0.1817795796542697,0.008470348177017225,-0.006779708262985544,0.20059613903520238,205.52014342206024,3.141218919916316,3.131218919916316,0.009999999999999787,74785.66761917977,27594.818343551706,True
0.399,1.3543641186175188,5.8812988944056785,1.1693422157300228,0.054572610939192745,-0.044183412405630285,0.04897119363401635,-0.13974929678570785,-0.036453943865899965,0.1820436355091746,0.00840851209382917,-0.006807751199101409,0.20134027877759517,206.28254945498884,3.1412189199163154,3.1312189199163156,0.009999999999999787,74805.05000107802,27497.20690241146,True
0.4,1.3577585149047808,5.896038991885392,1.169507788896676,0.054097293698465304,-0.04430657980674179,0.048585103592147606,-0.1403098441078623,-0.036116957436441006,0.18230583154522625,0.008346111142569428,-0.006835603301624677,0.202082220434377,207.0427034462172,3.1412189199163163,3.1312189199163165,0.009999999999999787,74824.18289436532,27399.761936046267,True
0.401,1.3611529111920428,5.910779089365106,1.1696720467324009,0.053620082068779835,-0.044428602133489654,0.048196195864480935,-0.1408654797514684,-0.03577925989414549,0.18256614475926475,0.008283147920089351,-0.0068632622173617356,0.20282191997893015,207.8005602884125,3.141218919916316,3.131218919916316,0.009999999999999787,74843.06785861627,27302.497698598825,True
0.402,1.3645473074793049,5.92551918684482,1.1698349797098722,0.05314099275405264,-0.0445494769839499,0.04780449229149004,-0.1414161850401858,-0.03544085823552847,0.18282455242863876,0.008219625107828924,-0.006890725607116095,0.2035593338346142,208.55607533526495,3.1412189199163154,3.1312189199163156,0.009999999999999787,74861.70644647858,27205.428569410127,True
0.403,1.3679417037665667,5.940259284324533,1.169996578376202,0.05266004252138146,-0.0446692019799456,0.04741001489130507,-0.1419619414237293,-0.03510175945602241,0.18308103210946594,0.008155545471213648,-0.0069179911459880845,0.20429441886849864,209.3092043950662,3.141218919916316,3.131218919916316,0.009999999999999787,74880.1002034358,27108.5690528933,True
0.404,1.3713361000538287,5.954999381804247,1.1701568333535406,0.05217724820061478,-0.044787774767043625,0.0470127858585228,-0.14250273047948853,-0.03476197055020473,0.18333556163492748,0.00809091185904424,-0.006945056523670904,0.20502713238527578,210.059903724473,3.1412189199163163,3.1312189199163165,0.009999999999999787,74898.2506675711,27011.93377832243,True
0.405,1.3747304963410907,5.96973947928396,1.1703157353396731,0.05169262668391578,-0.044905193014552015,0.04661282756300245,-0.14303853391414217,-0.03442149851201964,0.18358811911357167,0.008025727202878202,-0.006971919444742091,0.20575743212133427,210.80813002243525,3.141218919916316,3.131218919916316,0.009999999999999787,74916.15936933307,26915.537499532536,True
0.406,1.3781248926283527,5.984479576763674,1.1704732751086127,0.05120619492532072,-0.045021454415518296,0.046210162548647876,-0.14356933356526727,-0.03408035033499403,0.1838386829276508,0.007959994516404405,-0.006998577628951443,0.20648527623900517,211.55384042430086,3.1412189199163163,3.1312189199163165,0.009999999999999787,74933.82783130243,26819.395094525724,True
0.40700000000000003,1.3815192889156145,5.9992196742433865,1.1706294435111888,0.05071796994029193,-0.04513655668672837,0.04580481353217662,-0.14409511140294284,-0.0337385330124477,0.18408723173147573,0.00789371689481012,-0.007025028811504746,0.2072106233209665,212.2969924960828,3.1412189199163154,3.1312189199163156,0.009999999999999787,74951.25756796091,26723.521564979394,True
0.40800000000000003,1.3849136852028765,6.0139597717231,1.1707842314756325,0.05022796880526517,-0.045250497568706194,0.04539680340187484,-0.14461584953134732,-0.033396053537697964,0.1843337444497927,0.007826897514140795,-0.007051270743343587,0.20793343236480513,213.0375442288876,3.141218919916316,3.131218919916316,0.009999999999999787,74968.45008546133,26627.932035651513,True
0.40900000000000003,1.3883080814901385,6.028699869202814,1.170937630008156,0.04973620865719199,-0.045363274825714076,0.044986155216336865,-0.14513153019035024,-0.03305291890425826,0.1845782002761926,0.007759539630653173,-0.007077301191421632,0.20865366277774078,213.77545403350996,3.1412189199163163,3.1312189199163165,0.009999999999999787,74985.40688139942,26532.641753678403,True
0.41000000000000003,1.3917024777774003,6.043439966682527,1.1710896301935283,0.049242706693076316,-0.04547488624575369,0.044572892203194485,-0.14564213575709709,-0.032709136106031704,0.18482057867153162,0.007691646580160871,-0.007103117938976652,0.20937127437149095,214.51068073517138,3.1412189199163154,3.1312189199163156,0.009999999999999787,75002.1294445869,26437.666087759862,True
0.41100000000000003,1.3950968740646623,6.058180064162241,1.1712402231956478,0.048747480169505704,-0.04558532964056773,0.04415703775782775,-0.14614764874758793,-0.0323647121374981,0.18506085936238273,0.007623221777373368,-0.007128718785799002,0.21008622735729174,215.24318356841894,3.141218919916316,3.131218919916316,0.009999999999999787,75018.6192548269,26343.02052722693,True
0.41200000000000003,1.3984912703519243,6.072920161641955,1.1713894002581087,0.048250546402177526,-0.04569460284564215,0.04373861544206457,-0.14664805181824844,-0.0320196539938963,0.1852990223395065,0.0075542687152281044,-0.007154101548496233,0.2107984823410579,215.9729221721665,3.141218919916316,3.131218919916316,0.009999999999999787,75034.87778269034,26248.720680986957,True
0.41300000000000003,1.4018856666391863,6.087660259121669,1.1715371527047642,0.04775192276541959,-0.045802703720209045,0.043317648982865505,-0.14714332776749448,-0.03167396867140032,0.18553504785635438,0.007484790964216209,-0.0071792640607543185,0.21150800031869207,216.69985658488875,3.141218919916316,3.131218919916316,0.009999999999999787,75050.90648929439,26154.78227634095,True
0.41400000000000003,1.4052800629264481,6.102400356601381,1.1716834719402844,0.04725162669170551,-0.04590963014725015,0.04289416227099494,-0.1476334595372884,-0.031327663167290215,0.18576891642758017,0.007414792171701023,-0.007204204173594618,0.2122147426715197,217.42394723994414,3.1412189199163154,3.1312189199163156,0.009999999999999787,75066.70682608227,26061.22115766767,True
0.41500000000000004,1.4086744592137102,6.1171404540810945,1.1718283494507105,0.046749675671164725,-0.04601538003350084,0.04246817935967588,-0.14811843021468823,-0.030980744480117336,0.1860006088275908,0.007344276061230764,-0.007228919755627827,0.2129186711618723,218.14515496104963,3.1412189199163154,3.1312189199163156,0.009999999999999787,75082.28023460522,25968.05328496942,True
0.41600000000000004,1.4120688555009722,6.131880551560808,1.1719717768040032,0.046246087251087566,-0.046119951309454746,0.04203972446323446,-0.14859822303338815,-0.03063321960986424,0.18623010608910914,0.007273246431844352,-0.007253408693303852,0.2136197479287915,218.8634409578794,3.141218919916316,3.131218919916316,0.009999999999999787,75097.62814630571,25875.294732273844,True
0.417,1.415463251788234,6.146620649040521,1.1721137456505883,0.045740879035424814,-0.046223341929368826,0.0416088219557257,-0.14907282137525132,-0.03028509555809894,0.18645738950176838,0.007201707157371228,-0.007277668891158454,0.2143179354838708,219.5787668218045,3.1412189199163163,3.1312189199163165,0.009999999999999787,75112.75198230283,25782.961685886377,True
0.418,1.418857648075496,6.161360746520235,1.1722542477238953,0.045234068684282015,-0.04632554987126909,0.04117549636954943,-0.14954220877183363,-0.029936379328124048,0.18668244061072273,0.007129662185724636,-0.0073016982720560805,0.21501319670721522,220.29109452175325,3.141218919916316,3.131218919916316,0.009999999999999787,75127.65315317898,25691.07044248761,True
0.419,1.4222520443627578,6.176100843999948,1.1723932748408936,0.04472567391340919,-0.04642657313695662,0.04073977239404795,-0.15000636890589863,-0.02958707792512013,0.18690524121528793,0.007057115538189113,-0.007325494777429408,0.2157054948435311,221.0003864002051,3.141218919916316,3.131218919916316,0.009999999999999787,75142.33305876903,25599.637407070288,True
0.42,1.4256464406500198,6.190840941479662,1.1725308189026225,0.044215712493684514,-0.0465264097520143,0.04030167487409268,-0.15046528561292377,-0.02923719835628412,0.18712577336759934,0.006984071308701573,-0.007349056367515258,0.21639479349832985,221.70660516930118,3.1412189199163167,3.131218919916317,0.009999999999999787,75156.79308795056,25508.679090709848,True
0.421,1.4290408369372818,6.205581038959376,1.172666871894716,0.04370420225059378,-0.0466250577658138,0.0398612288086556,-0.15091894288259644,-0.02888674763096244,0.1873440193713007,0.006910533663126835,-0.007372381021587274,0.21708105663425506,222.4097139070814,3.1412189199163163,3.1312189199163165,0.009999999999999787,75171.03461843637,25418.212108163192,True
0.422,1.4324352332245436,6.220321136439088,1.1728014258879242,0.04319116106370435,-0.0467225152515231,0.03941845934936318,-0.15136732486030147,-0.02853573276077799,0.18755996178024495,0.006836506838526773,-0.007395466738184827,0.2177642485675188,223.10967605383297,3.1412189199163167,3.131218919916317,0.009999999999999787,75185.0590165686,25328.253175289938,True
0.423,1.4358296295118056,6.235061233918802,1.1729344730386295,0.042676606866133934,-0.0468187803061145,0.03897339179904397,-0.15181041584859725,-0.02818416075975364,0.18777358339722808,0.006761995142424039,-0.007418311535338896,0.21844433396445145,223.80645540855585,3.141218919916317,3.1312189199163174,0.009999999999999787,75198.86763711525,25238.81910629037,True
0.424,1.4392240257990676,6.2498013313985155,1.1730660055893558,0.04216055764401485,-0.04691385105037286,0.03852605161025077,-0.15224820030868305,-0.027832038644428354,0.18798486727274213,0.006687002952059963,-0.007440913450794445,0.21912127783816596,224.50001612554487,3.1412189199163167,3.131218919916317,0.009999999999999787,75212.46182306772,25149.926810754532,True
0.425,1.4426184220863296,6.264541428878229,1.1731960158692754,0.04164303143595295,-0.04700772562890438,0.03807646438377987,-0.152680662861855,-0.027479373433969882,0.188193796703748,0.00661153471364665,-0.0074632705422293544,0.21979504554531967,225.19032271107235,3.141218919916318,3.1312189199163183,0.009999999999999787,75225.84290544095,25061.59329051688,True
0.426,1.4460128183735914,6.279281526357942,1.1733244962947094,0.041124046332481776,-0.047100402210145775,0.03762465586717009,-0.15310778829095123,-0.027126172150282207,0.18840035523248083,0.0065355949416139,-0.007485380887470463,0.220465602782991,225.87734002018777,3.141218919916319,3.131218919916319,0.009999999999999787,75239.01220307547,24973.83563631089,True
0.427,1.4494072146608534,6.294021623837656,1.173451439369623,0.04060362047551158,-0.04719187898637364,0.03717065195318547,-0.1535295615417868,-0.0267724418181063,0.18860452664526062,0.006459188217849965,-0.007507242584705629,0.22113291558564818,226.56103325361246,3.1412189199163203,3.1312189199163205,0.009999999999999787,75251.97102244089,24886.67102421807,True
0.428,1.4528016109481154,6.30876172131737,1.173576837686116,0.04008177205777402,-0.04728215417371426,0.03671447867829019,-0.15394596772457692,-0.026418189465117523,0.18880629497134216,0.006382319190937572,-0.007528853752693203,0.22179695032222527,227.24136795474348,3.1412189199163216,3.131218919916322,0.009999999999999787,75264.72065744197,24800.116711906197,True
0.429,1.4561960072353775,6.323501818797084,1.1737006839249082,0.03955851932226157,-0.047371226012153794,0.03625616222110671,-0.15435699211534784,-0.02606342212201818,0.18900564448177845,0.0063049925753842165,-0.007550212530967957,0.22245767369329036,227.91831000675265,3.141218919916324,3.131218919916324,0.009999999999999787,75277.26238922628,24714.190034651358,True
0.43,1.4595904035226392,6.338241916276796,1.1738229708558188,0.0390338805616622,-0.04745909276554858,0.03579572890085464,-0.15476262015733763,-0.02570814682262296,0.18920255968830998,0.006227213150847335,-0.007571317080043929,0.22311505272831647,228.5918256297902,3.141218919916326,3.1312189199163263,0.009999999999999787,75289.59748599408,24628.908401138488,True
0.431,1.4629847998099013,6.35298201375651,1.1739436913382415,0.03850787411778955,-0.04754575272163599,0.03533320517578424,-0.1551628374623833,-0.02535237060394189,0.18939702534226785,0.006148985761354025,-0.007592165581613809,0.22376905478303297,229.26188137827134,3.141218919916329,3.1312189199163294,0.009999999999999787,75301.72720281027,24544.289289036016,True
0.432,1.4663791960971633,6.3677221112362234,1.1740628383216134,0.03798051838100838,-0.047631204192045334,0.03486861764159434,-0.15555762981229612,-0.024996100506258,0.1895890264335087,0.006070315314515975,-0.0076127562387455164,0.22441964753687615,229.92844413826413,3.141218919916333,3.1312189199163334,0.009999999999999787,75313.65278141822,24460.350240339056,True
0.433,1.4697735923844253,6.382462208715937,1.1741804048458786,0.037451831789655124,-0.04771544551230902,0.03440199302982609,-0.15594698316022512,-0.024639343573197803,0.18977854818936718,0.005991206780739188,-0.007633087276075515,0.22506679899053336,230.59148112497346,3.141218919916338,3.1312189199163383,0.009999999999999787,75325.37545005558,24377.108856477087,True
0.434,1.473167988671687,6.39720230619565,1.1742963840419478,0.036921832829454104,-0.047798475041874185,0.033933358206260644,-0.15633088363200642,-0.024282106851800937,0.1899655760736259,0.005911665192428593,-0.00765315693999886,0.22571047746355805,231.25095988029742,3.1412189199163447,3.131218919916345,0.009999999999999787,75336.89642327302,24294.582793181897,True
0.435,1.476562384958949,6.411942403675364,1.1744107691321497,0.036390540032929033,-0.04788029116411423,0.03346274016928415,-0.15670931752750045,-0.02392439739258098,0.19015009578551495,0.005831695643188021,-0.007672963498856449,0.22635065159208886,231.90684827049049,3.141218919916352,3.131218919916352,0.009999999999999787,75348.21690175381,24212.789755110945,True
0.436,1.479956781246211,6.426682501155078,1.1745235534306784,0.03585797197881013,-0.047960892286340824,0.032990166048254,-0.157082271321915,-0.023566222249585097,0.19033209325871683,0.0057513032870148625,-0.007692505243118627,0.22698729032663018,232.55911448388957,3.1412189199163616,3.131218919916362,0.009999999999999787,75359.33807213618,24131.747490223286,True
0.437,1.4833511775334731,6.441422598634792,1.1746347303440368,0.035324147291436646,-0.048040276839815925,0.032515663101846344,-0.1574497316671159,-0.023207588480446687,0.19051155466041717,0.0056704933374906764,-0.007711780485566669,0.227620362929935,233.20772702874496,3.1412189199163723,3.1312189199163725,0.009999999999999787,75370.26110683853,24051.473783904214,True
0.438,1.486745573820735,6.456162696114504,1.1747442933714711,0.03478908464015509,-0.04811844327976409,0.03203925871638409,-0.15781168539292195,-0.022848503146434503,0.19068846639034534,0.005589271066966214,-0.007730787561470066,0.2282498389749483,233.85265473111303,3.141218919916386,3.1312189199163862,0.009999999999999787,75380.98716388564,23971.986452835237,True
0.439,1.490139970107997,6.470902793594218,1.174852236105402,0.03425280273871269,-0.04819539008538484,0.03156098040416274,-0.1581681195083879,-0.022488973312496763,0.19086281507986225,0.005507641805742513,-0.00774952482876179,0.22887568834283986,234.4938667328411,3.1412189199164025,3.1312189199164027,0.009999999999999787,75391.51738673756,23893.30333860703,True
0.44,1.493534366395259,6.485642891073931,1.1749585522318577,0.033715320344653826,-0.048271115759861476,0.03108085580173586,-0.15851902120314576,-0.022129006047310947,0.19103458759111155,0.005425610941249782,-0.007767990668211706,0.22949788122121614,235.13133248973503,3.141218919916404,3.131218919916404,0.009999999999999787,75401.85290412432,23815.442301074476,True
0.441,1.4969287626825207,6.500382988553644,1.1750632355308688,0.0331766562586865,-0.048345618830384234,0.03059891266825736,-0.15886437784845084,-0.02176860842329218,0.19120377101597205,0.005343183917211523,-0.007786183483590602,0.2301163881019944,235.7650217693815,3.141218919916403,3.131218919916403,0.009999999999999787,75411.99482986977,23738.421211445093,True
0.442,1.5003231589697827,6.515123086033358,1.1751662798769043,0.0326368293240805,-0.04841889784815344,0.03011517888371798,-0.1592041769986108,-0.021407787516648815,0.19137035267534325,0.005260366232818841,-0.007804101701840398,0.23073117977992935,236.39490464963828,3.141218919916403,3.131218919916403,0.009999999999999787,75421.94426273632,23662.25794511244,True
0.443,1.5037175552570448,6.529863183513072,1.175267679239271,0.032095858426039174,-0.048490951388395244,0.029629682447225518,-0.15953840639215203,-0.02104655040740204,0.1915343201182594,0.005177163441891391,-0.007821743773235886,0.23134222735085241,237.0209515168303,3.1412189199164033,3.1312189199164036,0.009999999999999787,75431.7022862596,23586.970374221055,True
0.444,1.5071119515443068,6.544603280992786,1.1753674276825161,0.03155376249107179,-0.04856177805037469,0.029142451475259477,-0.1598670539530254,-0.02068490417940792,0.19169566112106134,0.005093581152035858,-0.00783910817154456,0.23194950221005609,237.64313306409454,3.141218919916404,3.131218919916404,0.009999999999999787,75441.2699685894,23512.576359969094,True
0.445,1.5105063478315686,6.559343378472499,1.175465519366822,0.03101056048636214,-0.048631376457408775,0.02865351419991219,-0.1601901077917983,-0.020322855920375495,0.19185436368659164,0.0050096250238003985,-0.00785619339418371,0.23255297605075054,238.26142028979842,3.1412189199164033,3.1312189199164036,0.009999999999999787,75450.64836233163,23439.093744647103,True
0.446,1.5139007441188306,6.574083475952213,1.1755619485483955,0.030466271419132968,-0.04869974525687956,0.02816289896711833,-0.1605075562068307,-0.01996041272188084,0.1920104160434012,0.004925300769824678,-0.007872997962374246,0.23315262086257932,238.87578449601935,3.1412189199164033,3.1312189199164036,0.009999999999999787,75459.83850439354,23366.54034341456,True
0.447,1.5172951404060926,6.588823573431926,1.1756567095798514,0.029920914336006767,-0.04876688312024728,0.02767063423487015,-0.16081938768543513,-0.019597581679376773,0.1921638066449876,0.00484061415398621,-0.007889520421292208,0.2337484089302102,239.48619728710085,3.141218919916403,3.131218919916403,0.009999999999999787,75468.84141583082,23294.933935815163,True
0.448,1.5206895366933546,6.603563670911639,1.17574979691059,0.0293745083223623,-0.04883278874306356,0.027176748571422146,-0.16112559090502063,-0.019234369892198764,0.19231452416904044,0.004755570990542299,-0.007905759340216858,0.23434031283197895,240.09263056826308,3.141218919916404,3.131218919916404,0.009999999999999787,75477.65810169735,23224.292257033478,True
0.449,1.5240839329806164,6.618303768391352,1.1758412050871678,0.028827072501687513,-0.04889746084498455,0.026681270653482046,-0.1614261547342196,-0.018870784463566614,0.1924625575167101,0.004670177143268196,-0.007921713312676147,0.23492830543859913,240.6950565442809,3.1412189199164033,3.1312189199164036,0.009999999999999787,75486.28955089721,23154.6329888957,True
0.45,1.5274783292678784,6.633043865871066,1.1759309287536635,0.028278626034928395,-0.04896089816978416,0.026184229264390835,-0.16172106823399862,-0.018506832500582285,0.19260789581189192,0.004584438524591251,-0.007937380956589187,0.23551235991192912,241.29344771822073,3.141218919916403,3.131218919916403,0.009999999999999787,75494.73673603906,23085.973750618254,True
0.451,1.5308727255551404,6.64778396335078,1.1760189626520359,0.027729188119834478,-0.04902309948536719,0.02568565329228903,-0.16201032065875168,-0.018142521114223827,0.19275052840052842,0.004498361094721291,-0.007952760914405867,0.23609244970379878,241.88777689023837,3.1412189199164033,3.1312189199164036,0.009999999999999787,75503.00061329325,23018.332089308893,True
0.452,1.5342671218424024,6.662524060830494,1.176105301622477,0.027178777990300277,-0.049084063583782485,0.025185571728273327,-0.16229390145737632,-0.017777857419335512,0.19289044484993345,0.004411950860777293,-0.007967851853243824,0.23666854855489547,242.4780171564376,3.141218919916404,3.131218919916404,0.009999999999999787,75511.08212225084,22951.72547022517,True
0.453,1.5376615181296642,6.677264158310207,1.176189940603758,0.02662741491570338,-0.049143789281236014,0.024684013664539987,-0.1625718002743327,-0.017412848534614084,0.19302763494812922,0.004325213875910281,-0.007982652465022368,0.23724063049370334,243.06414190778355,3.1412189199164033,3.1312189199164036,0.009999999999999787,75518.98218578562,22886.171266796835,True
0.454,1.5410559144169262,6.692004255789921,1.1762728746335693,0.026075118200238688,-0.04920227541810397,0.024181008292517264,-0.16284400695068463,-0.01704750158259139,0.1931620887031967,0.004238156238422473,-0.007997161466593437,0.23780866983549437,243.64612482906887,3.141218919916404,3.131218919916404,0.009999999999999787,75526.70170991824,22821.686750418794,True
0.455,1.5444503107041883,6.7067443532696345,1.176354098848855,0.025521907182249524,-0.04925952085894571,0.02367658490098523,-0.16311051152512274,-0.016681823689613268,0.19329379634265337,0.004150784090883157,-0.008011377599870148,0.2383726411813814,244.22393989794364,3.141218919916404,3.131218919916404,0.009999999999999787,75534.24158368328,22758.289080022685,True
0.456,1.54784470699145,6.7214844507493465,1.1764336084861389,0.024967801233555,-0.049315524492516645,0.023170772874186573,-0.16337130423496976,-0.016315821985815025,0.19342274831283754,0.004063103619240809,-0.008025299631952141,0.23893251941741428,244.79756138398915,3.141218919916404,3.131218919916404,0.009999999999999787,75541.60267899832,22695.995291435556,True
0.457,1.551239103278712,6.73622454822906,1.176511398881846,0.024412819758774046,-0.049370285231781136,0.022663601689925865,-0.16362637551716763,-0.015949503605093285,0.19354893527831835,0.0039751210519319725,-0.008038926355248475,0.23948827971373432,245.36696384785182,3.141218919916404,3.131218919916404,0.009999999999999787,75548.78585053592,22634.822286535466,True
0.458,1.554633499565974,6.750964645708774,1.1765874654726172,0.023856982194646277,-0.0494238020139251,0.02215510091765447,-0.1638757160092456,-0.015582875685074018,0.19367234812131182,0.0038868426589866107,-0.008052256587597319,0.24003989752377383,245.93212214042288,3.1412189199164033,3.1312189199164036,0.009999999999999787,75555.791935598,22574.786822214483,True
0.459,1.558027895853236,6.765704743188488,1.1766618037956158,0.023300308009349485,-0.049476073800368704,0.021645300216551054,-0.16411931655027015,-0.015215945367078166,0.1937929779411191,0.0037982747511302647,-0.008065289172383118,0.2405873485835043,246.49301140206825,3.141218919916403,3.131218919916403,0.009999999999999787,75562.62175399277,22515.90549916056,True
0.46,1.5614222921404979,6.780444840668201,1.1767344094888303,0.022742816701813932,-0.04952709957677879,0.02113422933358604,-0.1643571681817758,-0.01484871979608288,0.19391081605358249,0.003709423678883036,-0.008078022978651025,0.24113060891073804,247.04960706191292,3.1412189199164033,3.1312189199164036,0.009999999999999787,75569.27610791444,22458.19475047076,True
0.461,1.56481668842776,6.795184938147915,1.1768052782913687,0.022184527801033457,-0.049576878353081236,0.020621918101578127,-0.16458926214867695,-0.014481206120679692,0.19402585399055508,0.003620295831655369,-0.008090456901218521,0.24166965480447325,247.60188483717005,3.141218919916404,3.131218919916404,0.009999999999999787,75575.75578182541,22401.670830109175,True
0.462,1.568211084715022,6.809925035627629,1.1768744060437455,0.021625460865373775,-0.04962540916347315,0.020108396437240286,-0.1648155899001602,-0.01411341149303025,0.19413808349938094,0.003530897636840683,-0.008102589860784028,0.2422044628442814,248.14982073251326,3.1412189199164033,3.1312189199164036,0.009999999999999787,75582.06154234076,22346.34980122363,True
0.463,1.571605481002284,6.8246651331073425,1.1769417886881643,0.021065635481877502,-0.04967269106643488,0.019593694339216233,-0.16503614309055747,-0.013745343068818059,0.19424749654239556,0.00344123555890507,-0.008114420804032971,0.2427350098897432,248.6933910394987,3.1412189199164033,3.1312189199164036,0.009999999999999787,75588.19413811597,22292.24752433687,True
0.464,1.5749998772895457,6.8394052305870545,1.177007422268793,0.020505071265566385,-0.049718723144741926,0.0190778418861052,-0.16525091358019936,-0.013377008007197188,0.19435408529644715,0.0033513160984741577,-0.008125948703741356,0.24326127307993362,249.23257233603752,3.1412189199164033,3.1312189199164036,0.009999999999999787,75594.15429973716,22239.379645428002,True
0.465,1.5783942735768077,6.854145328066768,1.1770713029320299,0.01994378785874058,-0.0497635045054766,0.01856086923448252,-0.16545989343624853,-0.013008413470739175,0.19445784215241657,0.0032611457914168006,-0.00813717255887589,0.2437832298329342,249.76734148589625,3.141218919916404,3.131218919916404,0.009999999999999787,75599.94273961334,22187.7615839211,True
0.466,1.5817886698640697,6.868885425546482,1.1771334269267668,0.019381804930275325,-0.04980703428003957,0.018042806616903675,-0.16566307493351348,-0.01263956662537525,0.1945587597147709,0.003170731207926341,-0.008148091394692164,0.24430085784540664,250.29767563825968,3.141218919916404,3.131218919916404,0.009999999999999787,75605.56015187221,22137.40852059952,True
0.467,1.5851830661513318,6.883625523026196,1.1771937906046432,0.01881914217491464,-0.04984931162416108,0.017523684339902368,-0.16586045055524165,-0.012270474640336732,0.19465683080111687,0.0030800789515988405,-0.008158704262829471,0.24481413509219407,250.82355222732264,3.1412189199164047,3.131218919916405,0.009999999999999787,75611.0072122583,22088.335385464143,True
0.468,1.5885774624385935,6.898365620505909,1.177252390420293,0.018255819312562538,-0.04989033571791213,0.017003532781982356,-0.16605201299389236,-0.011901144688092927,0.1947520484417804,0.002989195658508883,-0.008169010241403412,0.24532303982596965,251.3449489719298,3.141218919916405,3.1312189199164053,0.009999999999999787,75616.2845780334,22040.55684555518,True
0.46900000000000003,1.5919718587258556,6.913105717985623,1.1773092229315867,0.017691856087571515,-0.049930105765715355,0.01648238239159784,-0.16623775515188974,-0.011531583944285356,0.1948444058793862,0.0028980879962825345,-0.008179008435095158,0.24582755057691624,251.86184387524756,3.1412189199164056,3.1312189199164058,0.009999999999999787,75621.39288788078,21994.087292758548,True
0.47000000000000003,1.5953662550131176,6.927845815465337,1.1773642847998642,0.017127272268028793,-0.04996862099635559,0.015960263685121816,-0.16641767014235376,-0.011161799587659922,0.19493389656846716,0.002806762663168098,-0.008188697975238643,0.24632764615245858,252.37421522448955,3.141218919916407,3.131218919916407,0.009999999999999787,75626.33276181069,21948.94083161695,True
0.47100000000000003,1.5987606513003796,6.9425859129450505,1.177417572790163,0.016562087645039702,-0.0500058806629904,0.015437207244815895,-0.16659175128981174,-0.010791798799996997,0.1950205141750773,0.0027152263871041814,-0.008198078019904645,0.24682330563701893,252.88204159066638,3.141218919916408,3.131218919916408,0.009999999999999787,75631.10480107,21905.131267168577,True
0.47200000000000003,1.6021550475876414,6.957326010424763,1.1774690837714372,0.01599632203200905,-0.050041884043160186,0.014913243716782348,-0.16675999213088816,-0.01042158876603765,0.19510425257642366,0.0026234859247855477,-0.008207147753982336,0.247314508391821,253.38530182838468,3.141218919916409,3.1312189199164093,0.009999999999999787,75635.70958805362,21862.672092834913,True
0.47300000000000003,1.6055494438749034,6.972066107904476,1.177518814716772,0.015429995263919923,-0.05007663043879813,0.014388403808912459,-0.16692238641497342,-0.010051176673408865,0.195185105860506,0.0025315480607265325,-0.008215906389257888,0.24780123405472257,253.88397507567572,3.141218919916411,3.131218919916411,0.009999999999999787,75640.14768621935,21821.576478381598,True
0.47400000000000003,1.6089438401621654,6.98680620538419,1.1775667627035893,0.01486312719661045,-0.05011011917623988,0.013862718288829269,-0.16707892810487132,-0.009680569712545807,0.19526306832577794,0.002439419606322395,-0.008224353164490729,0.24828346254008848,254.37804075386512,3.1412189199164127,3.131218919916413,0.009999999999999787,75644.419640005,21781.85725797509,True
0.47500000000000003,1.6123382364494272,7.001546302863903,1.1776129249138463,0.014295737706048438,-0.050142349606232865,0.013336217981816261,-0.16722961137742515,-0.00930977507661111,0.1953381344808134,0.0023471073989084095,-0.008232487345486735,0.2487611740386978,254.86747856747792,3.1412189199164158,3.131218919916416,0.009999999999999787,75648.5259747485,21743.526918359763,True
0.47600000000000003,1.6157326327366892,7.016286400343617,1.1776572986342289,0.013727846687603441,-0.05017332110394561,0.01280893376875153,-0.16737443062412266,-0.008938799961414343,0.19541029904399482,0.0022546183008169164,-0.008240308225169126,0.2492343490176825,255.35226850417553,3.1412189199164193,3.1312189199164195,0.009999999999999787,75652.46719661103,21706.597587179556,True
0.47700000000000004,1.6191270290239512,7.031026497823331,1.1776998812563362,0.013159474055317609,-0.0502030330689763,0.012280896584016428,-0.16751338045167813,-0.008567651565325598,0.19547955694320307,0.0021619591984323645,-0.008247815123646134,0.24970296822050475,255.83239083473276,3.1412189199164233,3.1312189199164235,0.009999999999999787,75656.24379250268,21671.081021468897,True
0.47800000000000004,1.6225214253112132,7.045766595303045,1.1777406702768585,0.0125906397411739,-0.05023148492536152,0.011752137413414951,-0.16764645568259387,-0.008196337089190578,0.1955459033155351,0.0020691370012444876,-0.008255007388276656,0.2501670126669659,256.3078261130467,3.1412189199164287,3.131218919916429,0.009999999999999787,75659.85623001088,21636.98859633774,True
0.47900000000000004,1.625915821598475,7.0605066927827576,1.1777796632977486,0.01202136369436281,-0.05025867612158453,0.011222687292080997,-0.16777365135569944,-0.00782486373624264,0.19560933350702003,0.001976158640899524,-0.008261884393732604,0.25062646365324154,256.7785551761729,3.1412189199164353,3.1312189199164355,0.009999999999999787,75663.30495733206,21604.331293875974,True
0.48,1.6293102178857368,7.0752467902624705,1.1778168580263861,0.011451665880547107,-0.05028460613058306,0.010692577302373486,-0.16789496272666835,-0.007453238712011151,0.1956698430723578,0.0018830310702497388,-0.008268445542058956,0.2510813027519603,257.24455914440597,3.141218919916443,3.131218919916443,0.009999999999999787,75666.59040320598,21573.11969230194,True
0.481,1.6327046141729988,7.089986887742183,1.1778522522757329,0.010881566281124865,-0.0503092744497571,0.010161838571772011,-0.16801038526851286,-0.00708146922423066,0.19572742777466257,0.0017897612624011706,-0.008274690262730847,0.2515315118123026,257.70581942138085,3.1412189199164526,3.131218919916453,0.009999999999999787,75669.71297685239,21543.36395538009,True
0.482,1.6360990104602608,7.104726985221897,1.1778858439644837,0.010311084892491253,-0.05033268060097617,0.009630502270770044,-0.1681199146720571,-0.006709562482747268,0.19578208358522983,0.0016963562097599201,-0.008280618012708407,0.2519770729601382,258.1623176942135,3.1412189199164646,3.131218919916465,0.009999999999999787,75672.67306791157,21515.073822132967,True
0.483,1.6394934067475226,7.11946708270161,1.1779176311172084,0.009740241725298072,-0.05035482413058626,0.009098599610748836,-0.1682235468463863,-0.00633752569942226,0.19583380668330236,0.0016028229230766492,-0.008286228276488382,0.2524179685981916,258.6140359336707,3.141218919916478,3.131218919916478,0.009999999999999787,75675.47104638678,21488.25859687152,True
0.484,1.6428878030347847,7.134207180181324,1.177947611864487,0.009169056803711923,-0.05037570460941645,0.008566161841864447,-0.16832127791927928,-0.005965366088037515,0.19588259345586007,0.001509168430489733,-0.008291520566153537,0.25285418140623767,259.0609563943703,3.1412189199164944,3.1312189199164946,0.009999999999999787,75678.10726259026,21462.92713956839,True
0.485,1.6462821993220467,7.148947277661038,1.1779757844430465,0.008597550164664975,-0.05039532163278123,0.00803322025087773,-0.16841310423767242,-0.005593090864208477,0.19592844049747096,0.0014153997765663565,-0.008296494421420775,0.2532856943414358,259.50306161512344,3.141218919916494,3.131218919916494,0.009999999999999787,75680.58204709449,21439.087856597333,True
0.486,1.6496765956093087,7.163687375140752,1.1780021471958562,0.008025741857129672,-0.05041367482049861,0.007499806159132037,-0.16849902236785466,-0.005220707245245029,0.19597134460993723,0.001321524021344876,-0.008301149409680277,0.2537124906382578,259.9403344188611,3.1412189199164944,3.1312189199164946,0.009999999999999787,75682.89571067569,21416.74869186423,True
0.487,1.6530709918965705,7.178427472620465,1.178026698572266,0.007453651941354896,-0.05043076381688409,0.006965950920315556,-0.16857902909601094,-0.004848222450089443,0.19601130280227338,0.0012275482393722071,-0.008305485126041262,0.2541345538090821,260.3727579132423,3.141218919916494,3.131218919916494,0.009999999999999787,75685.0485442762,21395.917118347646,True
0.488,1.6564653881838325,7.1931675701001785,1.1780494371281047,0.006881300488124788,-0.0504465882907597,0.006431685918352814,-0.1686531214284998,-0.004475643699201213,0.19604831229048825,0.0011334795187423524,-0.008309501193369042,0.25455186764440296,260.80031549086897,3.141218919916494,3.131218919916494,0.009999999999999787,75687.04081895913,21376.600130075032,True
0.489,1.6598597844710945,7.207907667579892,1.1780703615257782,0.006308707578011086,-0.05046114793545903,0.005897042565262359,-0.16872129659216753,-0.00410297821445394,0.19608237049743074,0.0010393249601333727,-0.008313197262320946,0.25496441621316684,261.2229908296303,3.1412189199164944,3.1312189199164946,0.009999999999999787,75688.87278586839,21358.804234553543,True
0.49,1.6632541807583565,7.222647765059605,1.1780894705343623,0.005735893300624035,-0.050474442468831794,0.005362052299007785,-0.16878355203463902,-0.003730233219030331,0.19611347505264806,0.0009450916758432685,-0.008316573011379596,0.2553721838631387,261.6407678930781,3.1412189199164944,3.1312189199164946,0.009999999999999787,75690.54467619235,21342.535445675836,True
0.491,1.6666485770456183,7.237387862539318,1.1781067630296866,0.005162877753862617,-0.050486471633248146,0.004826746581348589,-0.16883988542458572,-0.00335741593731691,0.19614162379225203,0.0008507867888249562,-0.008319628146883373,0.25577515522129,262.05363093082434,3.1412189199164944,3.1312189199164946,0.009999999999999787,75692.05670112961,21327.799277119255,True
0.492,1.6700429733328803,7.252127960019032,1.178122237994412,0.004589681043163643,-0.05049723519560255,0.0042911568956859,-0.16889029465197064,-0.0029845335947973383,0.19616681475879685,0.0007564174317203422,-0.008322362403054217,0.256173315194215,262.46156447896755,3.1412189199164944,3.1312189199164946,0.009999999999999787,75693.40905185817,21314.600736256783,True
0.493,1.6734373696201423,7.266868057498746,1.1781358945181,0.004016323280750444,-0.05050673294731734,0.003755314744906084,-0.16893477782826988,-0.002611593417945087,0.19618904620117836,0.0006619907458937225,-0.008324775542023195,0.25656664896857895,262.86455336055235,3.141218919916494,3.131218919916494,0.009999999999999787,75694.6018995073,21302.944318595644,True
0.494,1.6768317659074043,7.28160815497846,1.1781477317972753,0.0034428245848804684,-0.0505149647043459,0.0032192516492220774,-0.1689733332866712,-0.0022386026341154473,0.19620831657452695,0.0005675138804643383,-0.008326867353852636,0.2569551420115798,263.262582686042,3.141218919916494,3.131218919916494,0.009999999999999787,75695.6353951326,21292.834002759246,True
0.495,1.6802261621946661,7.296348252458173,1.1781577491354809,0.0028692050790924857,-0.050521930307175444,0.0026829991440128877,-0.1690059595822492,-0.001865568471436747,0.1962246245401297,0.00047299399133842113,-0.008328637656556365,0.25733878007144734,263.6556378538301,3.1412189199164944,3.1312189199164946,0.009999999999999787,75696.50966969358,21284.27324602584,True
0.496,1.6836205584819282,7.3110883499378865,1.1781659459433267,0.0022954848914530143,-0.05052762962082949,0.0021465887776597756,-0.16903265549211743,-0.0014924981587008763,0.19623796896535659,0.0003784382402406146,-0.008330086296116954,0.257717549177963,264.0437045507733,3.1412189199164944,3.1312189199164946,0.009999999999999787,75697.2248340348,21277.264980436754,True
0.497,1.6870149547691902,7.3258284474176,1.1781723217385287,0.001721684153802596,-0.05053206253486992,0.0016100521093818324,-0.16905342001555684,-0.0011193989252535896,0.19624834892359283,0.0002838537937449753,-0.008331213146500142,0.25809143564300063,264.42676875274486,3.1412189199164944,3.1312189199164946,0.009999999999999787,75697.78097886937,21271.81160948434,True
0.498,1.6904093510564522,7.340568544897313,1.178176876145943,0.0011478230010013683,-0.05053522896339864,0.0010734207070710478,-0.1690682523741212,-0.000746278000884195,0.19625576369419157,0.00018924782230555137,-0.008332018109666908,0.25846042606109615,264.8048167252188,3.1412189199164944,3.1312189199164946,0.009999999999999787,75698.17817476571,21267.91500538956,True
0.499,1.693803747343714,7.355308642377026,1.178179608897591,0.0005739215701745168,-0.05053712884505895,0.0005367261451239645,-0.1690771520117189,-0.00037314261571500754,0.19626021276243286,9.462749928666968e-05,-0.008332501115582725,0.25882450731004125,265.17783502387783,3.141218919916494,3.131218919916494,0.009999999999999787,75698.41647213724,21265.576506976482,True
0.5,1.697198143630976,7.37004873985674,1.1781805198326787,-4.2809505940155645e-14,-0.05053776214303643,2.274389010459288e-12,-0.16908011859467167,-9.032097986194643e-14,0.19626169581949673,-7.0584278664547165e-15,-0.00833266212222424,0.25918366655150055,265.5458104952458,3.141218919916494,3.131218919916494,0.009999999999999787,75698.49590123497,21264.796918149765,True
0.501,1.700592539918238,7.384788837336454,1.1781796088976064,-0.0005739215702601635,-0.050537128845059565,-0.0005367261405750511,-0.16907715201174947,0.000373142615534278,0.19626021276244643,-9.462749930079635e-05,-0.008332501115583294,0.2595378912316524,265.9087302773442,3.141218919916494,3.131218919916494,0.009999999999999787,75698.41647214309,21265.576506979432,True
0.502,1.7039869362054998,7.399528934816167,1.1781768761459739,-0.0011478230010871816,-0.05053522896339987,-0.0010734207025222438,-0.16906825237418224,0.0007462780007034377,0.19625576369421863,-0.00018924782231972108,-0.008332018109668044,0.2598871690818509,266.26658180037055,3.141218919916494,3.131218919916494,0.009999999999999787,75698.1781747775,21267.9150053955,True
0.503,1.7073813324927618,7.414269032295881,1.178172321738575,-0.0017216841538886616,-0.05053206253487176,-0.0016100521048326571,-0.16905342001564844,0.0011193989250726276,0.19624834892363344,-0.0002838537937592127,-0.008331213146501848,0.2602314881193153,266.6193527874044,3.141218919916494,3.131218919916494,0.009999999999999787,75697.78097888699,21271.81160949323,True
0.504,1.7107757287800238,7.4290091297755945,1.1781659459433884,-0.002295484891539414,-0.05052762962083195,-0.0021465887731099177,-0.16903265549223956,0.0014924981585196862,0.19623796896541074,-0.0003784382402549435,-0.008330086296119229,0.2605708366478424,266.9670312551376,3.1412189199164944,3.1312189199164946,0.009999999999999787,75697.22483405836,21277.264980448635,True
0.505,1.7141701250672858,7.443749227255308,1.1781577491355582,-0.0028692050791793208,-0.050521930307178525,-0.0026829991394629153,-0.16900595958240186,0.0018655684712552897,0.19622462454019743,-0.00047299399135286856,-0.008328637656559206,0.2609052032585388,267.30960551462425,3.1412189199164944,3.1312189199164946,0.009999999999999787,75696.50966972305,21284.27324604071,True
0.506,1.7175645213545476,7.45848932473502,1.1781477317973679,-0.0034428245849678282,-0.050514964704349595,-0.0032192516446720044,-0.16897333328685432,0.0022386026339337763,0.1962083165746071,-0.0005675138804789264,-0.008326867353856,0.2612345768305774,267.647064172056,3.141218919916494,3.131218919916494,0.009999999999999787,75695.63539516796,21292.834002777065,True
0.507,1.7209589176418096,7.473229422214734,1.178135894518208,-0.004016323280838447,-0.05050673294732167,-0.003755314740354756,-0.16893477782848357,0.0026115934177629394,0.19618904620127212,-0.0006619907459084837,-0.008324775542027131,0.26155894653197753,267.97939612956105,3.141218919916494,3.131218919916494,0.009999999999999787,75694.60189954858,21302.944318616454,True
0.508,1.7243533139290717,7.487969519694448,1.1781222379945355,-0.004589681043252341,-0.050497235195607504,-0.00429115689113415,-0.1688902946522148,0.0029845335946148514,0.19616681475890527,-0.0007564174317353,-0.00832236240305877,0.2618783018204095,268.30659058602873,3.141218919916494,3.131218919916494,0.009999999999999787,75693.4090519053,21314.600736280543,True
0.509,1.7277477102163337,7.502709617174162,1.1781067630298256,-0.005162877753952071,-0.05048647163325374,-0.004826746576795974,-0.16883988542486036,0.0033574159371340343,0.1961416237923729,-0.0008507867888401219,-0.008319628146888447,0.26219263244401464,268.62863703794943,3.1412189199164944,3.1312189199164946,0.009999999999999787,75692.05670118268,21327.799277146005,True
0.51,1.7311421065035955,7.517449714653875,1.1780894705345166,-0.005735893300714315,-0.05047444246883803,-0.005362052294454016,-0.16878355203494408,0.003730233218847037,0.19611347505278248,-0.0009450916758586688,-0.008316573011385246,0.2625019284422575,268.9455252802878,3.1412189199164944,3.1312189199164946,0.009999999999999787,75690.5446762513,21342.53544570554,True
0.511,1.7345365027908575,7.532189812133589,1.178070361525948,-0.00630870757810225,-0.05046114793546592,-0.005897042560707532,-0.16872129659250298,0.004102978214270305,0.19608237049757873,-0.0010393249601490274,-0.00831319726232717,0.2628061801467938,269.2572454073723,3.1412189199164944,3.1312189199164946,0.009999999999999787,75688.87278593326,21358.804234586238,True
0.512,1.7379308990781195,7.5469299096133025,1.17804943712829,-0.006881300488216866,-0.05044658829076726,-0.006431685913796307,-0.1686531214288656,0.004475643699017163,0.19604831229064867,-0.0011334795187582709,-0.008309501193375795,0.2631053781823589,269.56378781380494,3.141218919916494,3.131218919916494,0.009999999999999787,75687.04081902986,21376.600130110677,True
0.513,1.7413252953653815,7.561670007093016,1.1780266985724668,-0.007453651941447911,-0.050430763816892335,-0.006965950915756547,-0.16857902909640707,0.004848222449904982,0.19601130280244627,-0.0012275482393884014,-0.008305485126048544,0.2633995134676875,269.8651431954038,3.1412189199164944,3.1312189199164946,0.009999999999999787,75685.0485443529,21395.91711838628,True
0.514,1.7447196916526433,7.576410104572729,1.1780021471960724,-0.008025741857223608,-0.050413674820507556,-0.007499806154571079,-0.16849902236828093,0.005220707245060369,0.19597134461012375,-0.0013215240213613614,-0.00830114940968814,0.2636885772164487,270.1613025501614,3.141218919916495,3.131218919916495,0.009999999999999787,75682.89571075831,21416.748691905846,True
0.515,1.7481140879399053,7.591150202052442,1.177975784443278,-0.008597550164759798,-0.0503953216327909,-0.00803322024631379,-0.16841310423812872,0.005593090864023707,0.19592844049767105,-0.0014153997765831371,-0.008296494421429225,0.2639725609382005,270.4522571792219,3.141218919916495,3.131218919916495,0.009999999999999787,75680.58204718301,21439.087856641898,True
0.516,1.7515084842271673,7.605890299532156,1.177947611864734,-0.00916905680380753,-0.05037570460942689,-0.008566161837297238,-0.16832127791976542,0.005965366087852787,0.19588259345607265,-0.0015091684305067936,-0.008291520566162532,0.2642514564393735,270.7379986878896,3.1412189199164953,3.1312189199164955,0.009999999999999787,75678.10726268473,21462.92713961593,True
0.517,1.7549028805144293,7.62063039701187,1.1779176311174633,-0.009740241725400112,-0.05035482413060127,-0.009098599606209023,-0.1682235468468431,0.0063375256992251015,0.1958338066834765,-0.0016028229230945228,-0.008286228276496447,0.2645252558242733,271.0185189866557,3.1412189199164953,3.1312189199164955,0.009999999999999787,75675.4710464848,21488.25859692253,True
0.518,1.7582972768016911,7.635370494491583,1.1778858439647473,-0.010311084892598573,-0.05033268060099535,-0.00963050226625127,-0.1681199146724906,0.006709562482539216,0.19578208358537227,-0.0016963562097784348,-0.008280618012715752,0.26479395149610707,271.29381029224993,3.141218919916496,3.1312189199164964,0.009999999999999787,75672.67306801342,21515.073822187387,True
0.519,1.7616916730889531,7.650110591971297,1.1778522522760062,-0.010881566281236085,-0.05030927444977998,-0.010161838567270019,-0.16801038526893144,0.0070814692240142914,0.1957274277747801,-0.0017897612624201275,-0.008274690262737678,0.2650575361580278,271.5638651287107,3.141218919916497,3.1312189199164973,0.009999999999999787,75669.71297695843,21543.36395543785,True
0.52,1.7650860693762151,7.6648506894510104,1.17781685802667,-0.011451665880660971,-0.05028460613060926,-0.010692577297880031,-0.16789496272707904,0.00745323871178824,0.19566984307245608,-0.0018830310702689587,-0.008268445542065447,0.26531600281420376,271.82867632848047,3.1412189199164975,3.1312189199164977,0.009999999999999787,75666.59040331637,21573.11969236292,True
0.521,1.768480465663477,7.679590786930723,1.1777796632980437,-0.01202136369447817,-0.05025867612161376,-0.011222687287592983,-0.167773651356108,0.007824863736015463,0.19560933350710358,-0.001976158640918841,-0.00826188439373889,0.26556934477091126,272.08823703352584,3.141218919916499,3.131218919916499,0.009999999999999787,75663.3049574471,21604.331293940104,True
0.522,1.771874861950739,7.694330884410437,1.1777406702771653,-0.012590639741289572,-0.0502314849253936,-0.011752137408926288,-0.1676464556830051,0.008196337088961024,0.19554590331560845,-0.0020691370012637395,-0.008255007388282895,0.2658175556376492,272.34254069647886,3.1412189199164997,3.1312189199165,0.009999999999999787,75659.85623013067,21636.988596404917,True
0.523,1.775269258238001,7.709070981890151,1.1776998812566557,-0.01315947405543244,-0.050203033069011124,-0.012280896579521292,-0.16751338045209585,0.008567651565095142,0.19547955694326846,-0.0021619591984513727,-0.0082478151236524,0.26606062932827146,272.5915810817978,3.141218919916501,3.1312189199165013,0.009999999999999787,75656.24379262753,21671.08102153909,True
0.524,1.778663654525263,7.723811079369864,1.1776572986345615,-0.01372784668771616,-0.05017332110398316,-0.012808933764246432,-0.16737443062454985,0.008938799961185278,0.19541029904405458,-0.002254618300835488,-0.00824030822517551,0.2662985600621506,272.8353522669589,3.141218919916503,3.131218919916503,0.009999999999999787,75652.46719674105,21706.597587252672,True
0.525,1.7820580508125248,7.738551176849577,1.1776129249141924,-0.014295737706157715,-0.050142349606273236,-0.013336217977295301,-0.16722961137786424,0.009309775076385245,0.19533813448086979,-0.0023471073989263453,-0.008232487345493342,0.26653134236535303,273.0738486436608,3.141218919916505,3.1312189199165053,0.009999999999999787,75648.52597488381,21743.526918435728,True
0.526,1.7854524470997868,7.753291274329291,1.1775667627039494,-0.014863127196714936,-0.05011011917628319,-0.013862718284284047,-0.167078928105324,0.00968056971232464,0.1952630683258309,-0.0024394196063394664,-0.008224353164497577,0.2667589710718488,273.3070649190637,3.1412189199165077,3.131218919916508,0.009999999999999787,75644.41964014573,21781.85725805382,True
0.527,1.7888468433870488,7.768031371809005,1.1775188147171465,-0.015429995264017896,-0.0500766304388446,-0.014388403804340151,-0.1669223864154404,0.010051176673195324,0.1951851058605567,-0.002531548060742468,-0.008215906389265063,0.26698144132473683,273.5349961170449,3.1412189199165113,3.1312189199165115,0.009999999999999787,75640.14768636557,21821.57647846295,True
0.528,1.7922412396743108,7.782771469288718,1.1774690837718262,-0.015996322032098706,-0.05004188404321015,-0.014913243712173823,-0.16675999213137027,0.01042158876583378,0.19510425257647207,-0.0026234859248000448,-0.008207147753989884,0.2671987485774884,273.7576375794726,3.141218919916515,3.131218919916515,0.009999999999999787,75635.70958820541,21862.67209291879,True
0.529,1.7956356359615726,7.797511566768431,1.177417572790567,-0.016562087645118875,-0.050005880663044275,-0.015437207240164768,-0.16659175129030876,0.010791798799805762,0.1950205141751223,-0.002715226387116866,-0.008198078019912588,0.26741088859522744,273.97498496751797,3.1412189199165197,3.13121891991652,0.009999999999999787,75631.10480122743,21905.131267254812,True
0.53,1.7990300322488346,7.812251664248145,1.1773642848002837,-0.017127272268095132,-0.04996862099641393,-0.01596026368041802,-0.16641767014286538,0.011161799587484242,0.19493389656850765,-0.0028067626631785624,-0.008188697975247017,0.2676178574560215,274.1870342629774,3.141218919916525,3.1312189199165252,0.009999999999999787,75626.33276197391,21948.940831705448,True
0.531,1.8024244285360966,7.826991761727859,1.1773092229320217,-0.01769185608763528,-0.04993010576577558,-0.01648238238687563,-0.16623775515242661,0.011531583944112897,0.19484440587943358,-0.002898087996292624,-0.00817900843510402,0.2678196515522522,274.3937817696768,3.141218919916527,3.131218919916527,0.009999999999999787,75621.39288804989,21994.087292849526,True
0.532,1.8058188248233586,7.841731859207573,1.1772523904207437,-0.01825581931262832,-0.049890335717973064,-0.01700353277725786,-0.1660520129944594,0.011901144687918511,0.1947520484418403,-0.00298919565851944,-0.008169010241412806,0.2680162675918377,274.59522411472415,3.141218919916527,3.131218919916527,0.009999999999999787,75616.28457820852,22040.556845648793,True
0.533,1.8092132211106204,7.856471956687285,1.1771937906051098,-0.0188191421749825,-0.049849311624222695,-0.017523684335174247,-0.1658604505558394,0.012270474640160352,0.1946568308011893,-0.003080078951609885,-0.00815870426283939,0.2682077025996726,274.79135824998446,3.141218919916527,3.131218919916527,0.009999999999999787,75611.00721243942,22088.335385560367,True
0.534,1.8126076173978825,7.871212054166999,1.1771334269272493,-0.01938180493034537,-0.04980703428010185,-0.018042806612171912,-0.1656630749341425,0.01263956662519691,0.19455875971485478,-0.00317073120793788,-0.008148091394702558,0.2683939539190338,274.9821814535205,3.141218919916527,3.131218919916527,0.009999999999999787,75605.56015205942,22137.408520698376,True
0.535,1.8160020136851445,7.885952151646713,1.1770713029325282,-0.019943787858812883,-0.04976350450553954,-0.018560869229747153,-0.16545989343690926,0.01300841347055895,0.19445784215251416,-0.0032611457914288934,-0.008137172558886855,0.26857501921297533,275.1676913310217,3.141218919916527,3.131218919916527,0.009999999999999787,75599.94273980657,22187.761584022537,True
0.536,1.8193964099724063,7.9006922491264255,1.1770074222693072,-0.020505071265640988,-0.049718723144805514,-0.019077841881365618,-0.1652509135808921,0.013377008007015008,0.19435408529655723,-0.0033513160984867995,-0.008125948703752838,0.2687508964657647,275.34788581727554,3.141218919916527,3.131218919916527,0.009999999999999787,75594.15429993649,22239.379645532037,True
0.537,1.8227908062596683,7.915432346606139,1.1769417886886948,-0.021065635481954562,-0.04967269106649911,-0.0195936943344719,-0.16503614309128256,0.013745343068633837,0.19424749654251947,-0.0034412355589183187,-0.008114420804045019,0.26892158398435123,275.5227631776723,3.1412189199165272,3.1312189199165275,0.009999999999999787,75588.19413832147,22292.247524443534,True
0.538,1.8261852025469303,7.930172444085853,1.1768744060442917,-0.021625460865453375,-0.049625409163538026,-0.02010839643249207,-0.16481558990091782,0.01411341149284415,0.19413808349951742,-0.0035308976368545394,-0.008102589860796592,0.26908708039985035,275.6923220097256,3.1412189199165272,3.1312189199165275,0.009999999999999787,75582.06154255226,22346.349801332846,True
0.539,1.8295795988341923,7.944912541565567,1.1768052782919312,-0.022184527801115704,-0.04957687835314677,-0.02062191809682571,-0.16458926214946726,0.014481206120491625,0.19402585399070535,-0.003620295831669882,-0.008090456901231655,0.26924738466905684,275.85656124462287,3.141218919916527,3.131218919916527,0.009999999999999787,75575.75578204312,22401.670830221003,True
0.54,1.832973995121454,7.95965263904528,1.176734409489409,-0.022742816701898896,-0.049527099576844966,-0.02113422932882912,-0.16435716818259902,0.014848719795892728,0.19391081605374652,-0.003709423678898227,-0.00807802297866472,0.2694024960759849,276.015480148803,3.1412189199165272,3.1312189199165275,0.009999999999999787,75569.27610813834,22458.19475058519,True
0.541,1.836368391408716,7.974392736524993,1.1766618037962107,-0.023300308009437345,-0.04947607380043553,-0.02164530021178946,-0.16411931655112635,0.015215945366885957,0.1937929779412958,-0.0037982747511461487,-0.008065289172397329,0.2695524142334293,276.16907832555626,3.1412189199165272,3.1312189199165275,0.009999999999999787,75562.62175422287,22515.90549927759,True
0.542,1.8397627876959781,7.989132834004707,1.176587465473228,-0.023856982194737097,-0.04942380201399259,-0.02215510091288782,-0.163875716010135,0.01558287568487957,0.19367234812150233,-0.003886842659003233,-0.008052256587612097,0.2696971390845571,276.31735571665456,3.1412189199165264,3.1312189199165266,0.009999999999999787,75555.79193583423,22574.78682233408,True
0.543,1.8431571839832401,8.003872931484421,1.1765113988824731,-0.024412819758867926,-0.04937028523184928,-0.022663601685154283,-0.16362637551809028,0.015949503604896588,0.19354893527852268,-0.003975121051949359,-0.008038926355263817,0.2698366709045221,276.46031260400576,3.141218919916527,3.131218919916527,0.009999999999999787,75548.78585077837,22634.822286657658,True
0.544,1.846551580270502,8.018613028964134,1.1764336084867821,-0.02496780123365204,-0.04931552449258548,-0.023170772869410432,-0.16337130423592583,0.016315821985616086,0.19342274831305578,-0.0040631036192589854,-0.008025299631968052,0.26997101030210935,276.5979496113388,3.1412189199165264,3.1312189199165266,0.009999999999999787,75541.602679247,22695.99529156034,True
0.545,1.849945976557764,8.033353126443847,1.1763540988495145,-0.025521907182349896,-0.049259520859015214,-0.023676584896203882,-0.16311051152611225,0.016681823689411998,0.19329379634288432,-0.004150784090902138,-0.00801137759988658,0.27010015822140016,276.7302677059091,3.1412189199165264,3.1312189199165266,0.009999999999999787,75534.24158393819,22758.28908015006,True
0.546,1.853340372845026,8.04809322392356,1.176272874634245,-0.02607511820034248,-0.04920227541817417,-0.02418100828773128,-0.1628440069517077,0.01704750158238777,0.19316208870344043,-0.0042381562384422805,-0.00799716146661039,0.27022411594347084,276.85726820023956,3.141218919916527,3.131218919916527,0.009999999999999787,75526.70171017936,22821.68675054876,True
0.547,1.856734769132288,8.062833321403275,1.1761899406044498,-0.026627414915810707,-0.04914378928130691,-0.024684013659749156,-0.16257180027538948,0.01741284853440806,0.19302763494838684,-0.004325213875930969,-0.00798265246503989,0.2703428850881168,276.9789527538863,3.1412189199165264,3.1312189199165266,0.009999999999999787,75518.98218605299,22886.171266929392,True
0.548,1.8601291654195498,8.077573418882988,1.1761053016231853,-0.027178777990411233,-0.04908406358385408,-0.025185571723477372,-0.16229390145846687,0.01777785741912696,0.19289044485020507,-0.004411950860798887,-0.007967851853261916,0.2704564676155996,277.0953233752291,3.1412189199165264,3.1312189199165266,0.009999999999999787,75511.08212252457,22951.725470360343,True
0.549,1.8635235617068118,8.092313516362701,1.1760189626527606,-0.027729188119949205,-0.0490230994854395,-0.025685653287487793,-0.16201032065987608,0.018142521114012718,0.1927505284008128,-0.0044983610947437955,-0.007952760914424479,0.27056486582842904,277.20638242329727,3.141218919916527,3.131218919916527,0.009999999999999787,75503.00061357331,23018.332089446685,True
0.55,1.8669179579940738,8.107053613842416,1.1759309287544044,-0.028278626035046977,-0.048960898169857194,-0.026184229259583795,-0.16172106823515714,0.018506832500368452,0.19260789581218912,-0.004584438524614691,-0.007937380956608323,0.270668082373169,277.3121326096195,3.141218919916527,3.131218919916527,0.009999999999999787,75494.7367363254,23085.973750758632,True
0.551,1.8703123542813358,8.121793711322129,1.175841205087925,-0.02882707250181009,-0.04889746084505831,-0.026681270648669913,-0.16142615473541222,0.018870784463350106,0.19246255751702135,-0.004670177143292631,-0.007921713312695861,0.27076612024227575,277.4125770001074,3.141218919916527,3.131218919916527,0.009999999999999787,75486.28955118982,23154.632989038673,True
0.552,1.8737067505685976,8.136533808801842,1.1757497969113635,-0.029374508322488974,-0.04883278874313806,-0.027176748566604618,-0.16112559090624748,0.019234369891979568,0.1923145241693646,-0.004755570990567725,-0.007905759340237097,0.27085898277595877,277.507719016962,3.1412189199165264,3.1312189199165266,0.009999999999999787,75477.65810199633,23224.292257179073,True
0.553,1.8771011468558596,8.151273906281556,1.1756567095806414,-0.029920914336137625,-0.048766883120322534,-0.027670634230047023,-0.16081938768669643,0.01959758167915479,0.19216380664532468,-0.004840614154012651,-0.007889520421312973,0.2709466736640793,277.59756244061924,3.1412189199165264,3.1312189199165266,0.009999999999999787,75468.84141613616,23294.933935963374,True
0.554,1.8804955431431216,8.16601400376127,1.175561948549202,-0.030466271419268134,-0.04869974525695557,-0.028162898962289417,-0.1605075562081266,0.019960412721656,0.19201041604375116,-0.004925300769852162,-0.00787299796239554,0.2710291969480718,277.6821114117179,3.1412189199165264,3.1312189199165266,0.009999999999999787,75459.83850470527,23366.540343565393,True
0.555,1.8838899394303834,8.180754101240982,1.1754655193676449,-0.03101056048650168,-0.04863137645748557,-0.028653514195077674,-0.16019010779312898,0.02032285592014782,0.19185436368695455,-0.005009625023828945,-0.00785619339420553,0.27110655702290015,277.76137043310456,3.1412189199165264,3.1312189199165266,0.009999999999999787,75450.64836264976,23439.093744800553,True
0.556,1.8872843357176454,8.195494198720695,1.1753674276833554,-0.03155376249121587,-0.04856177805045226,-0.029142451470419037,-0.15986705395439102,0.02068490417917744,0.1916956611214384,-0.005093581152065535,-0.007839108171566963,0.27117875863904145,277.83534437186546,3.1412189199165264,3.1312189199165266,0.009999999999999787,75441.26996891396,23512.576360125167,True
0.557,1.8906787320049074,8.21023429620041,1.1752676792401269,-0.03209585842618788,-0.048490951388473605,-0.02962968244237904,-0.1595384063935529,0.021046550407168706,0.19153432011864832,-0.005177163441922159,-0.007821743773258769,0.2712458069045016,277.9040384613921,3.1412189199165264,3.1312189199165266,0.009999999999999787,75431.70228659066,23586.970374379787,True
0.558,1.8940731282921695,8.224974393680123,1.1751662798777767,-0.03263682932423391,-0.04841889784823261,-0.03011517887886494,-0.15920417700004733,0.021407787516412626,0.19137035267574634,-0.005260366232850783,-0.007804101701863862,0.27130770728686643,277.96745830348215,3.1412189199165255,3.1312189199165257,0.009999999999999787,75421.94426307379,23662.257945273795,True
0.559,1.8974675245794312,8.239714491159836,1.1750632355317578,-0.03317665625884465,-0.048345618830464225,-0.030598912663398106,-0.15886437784992327,0.021768608423053254,0.19120377101638825,-0.005343183917244623,-0.007786183483614603,0.2713644656153729,278.02560987046223,3.141218919916526,3.131218919916526,0.009999999999999787,75411.99483021376,23738.421211609082,True
0.56,1.9008619208666933,8.25445458863955,1.1749585522327635,-0.03371532034481692,-0.04827111575994231,-0.031080855796869363,-0.15851902120465466,0.0221290060470692,0.19103458759154196,-0.005425610941284112,-0.00776799066823629,0.2714160880830284,278.07849950735846,3.1412189199165255,3.1312189199165257,0.009999999999999787,75401.85290447484,23815.442301241128,True
0.561,1.9042563171539553,8.269194686119263,1.1748522361063243,-0.03425280273888058,-0.04819539008546663,-0.03156098039928876,-0.15816811950993206,0.022488973312252046,0.1908628150803046,-0.005507641805777995,-0.00774952482878688,0.27146258124874983,278.12613393408856,3.141218919916525,3.1312189199165252,0.009999999999999787,75391.51738709462,23893.303338776324,True
0.562,1.9076507134412173,8.283934783598978,1.1747442933724028,-0.034789084640322175,-0.048118443279849994,-0.032039258711516014,-0.15781168539444018,0.022848503146178964,0.1906884663907509,-0.0055892710670005594,-0.007730787561494242,0.27150395203954225,278.1685202476938,3.141218919916525,3.1312189199165252,0.009999999999999787,75380.98716424649,23971.986453006022,True
0.5630000000000001,1.911045109728479,8.29867488107869,1.1746347303449793,-0.03532414729160372,-0.048040276839905416,-0.03251566309698035,-0.1574497316686199,0.02320758848018196,0.19051155466079517,-0.005670493337524245,-0.0077117804855902135,0.27154020775270704,278.2056659246013,3.141218919916524,3.1312189199165243,0.009999999999999787,75370.2611072037,24051.473784076636,True
0.5640000000000001,1.914439506015741,8.313414978558404,1.1745235534316327,-0.03585797197897786,-0.04796089228643345,-0.032990166043387996,-0.157082271323415,0.023566222249312756,0.19033209325907655,-0.005751303287048009,-0.007692505243141836,0.27157135605808774,278.2375788229252,3.141218919916523,3.131218919916523,0.009999999999999787,75359.33807250598,24131.747490397418,True
0.5650000000000001,1.917833902303003,8.328155076038117,1.174410769133117,-0.03639054003309794,-0.047880291164209665,-0.033462740164412794,-0.15670931752900577,0.023924397392302114,0.19015009578586098,-0.005831695643220948,-0.007672963498879454,0.27159740500034507,278.2642671847973,3.1412189199165224,3.1312189199165226,0.009999999999999787,75348.2169021287,24212.789755286893,True
0.5660000000000001,1.9212282985902651,8.342895173517832,1.1742963840429295,-0.036921832829624746,-0.047798475041972134,-0.03393335820138335,-0.15633088363352488,0.024282106851516987,0.18996557607396644,-0.005911665192461621,-0.007653156940021931,0.2716183630012759,278.2857396387431,3.141218919916521,3.1312189199165212,0.009999999999999787,75336.89642365355,24294.582793359827,True
0.5670000000000001,1.924622694877527,8.357635270997545,1.1741804048468751,-0.03745183178982784,-0.04771544551240926,-0.03440199302494083,-0.1559469831617638,0.02463934357291033,0.18977854818970682,-0.005991206780772509,-0.007633087276098803,0.271634238862155,278.30200520208103,3.1412189199165184,3.1312189199165186,0.009999999999999787,75325.3754504419,24377.10885665703,True
0.5680000000000001,1.928017091164789,8.372375368477257,1.1740628383226257,-0.03798051838118361,-0.04763120419214772,-0.03486861763669563,-0.1555576298138621,0.024996100505967678,0.18958902643385214,-0.006070315314549799,-0.0076127562387691755,0.27164504176611765,278.31307328336345,3.1412189199165166,3.131218919916517,0.009999999999999787,75313.65278181067,24460.350240521115,True
0.5690000000000001,1.931411487452051,8.387115465956972,1.1739436913392705,-0.0385078741179675,-0.0475457527217404,-0.03533320517087187,-0.1551628374639824,0.0253523706036505,0.18939702534261982,-0.006148985761388531,-0.007592165581638003,0.27165078128058745,278.3189536848641,3.141218919916514,3.131218919916514,0.009999999999999787,75301.72720320922,24544.289289220276,True
0.5700000000000001,1.9348058837393127,8.401855563436685,1.1738229708568653,-0.039033880561843065,-0.04745909276565497,-0.03579572889592221,-0.15476262015897663,0.025708146822331187,0.1892025596886763,-0.006227213150882751,-0.007571317080068881,0.27165146735972096,278.3196566050828,3.1412189199165113,3.1312189199165115,0.009999999999999787,75289.5974863998,24628.90840132504,True
0.5710000000000001,1.9382002800265747,8.416595660916398,1.1737006839259732,-0.03955851932244561,-0.04737122601226215,-0.03625616221615252,-0.1543569921170327,0.026063422121727752,0.18900564448216273,-0.0063049925754207065,-0.007550212530993797,0.2716471103469081,278.3151926413071,3.141218919916507,3.131218919916507,0.009999999999999787,75277.26238963916,24714.1900348403,True
0.5720000000000001,1.9415946763138368,8.431335758396111,1.1735768376872,-0.04008177205796132,-0.047282154173824614,-0.03671447867331182,-0.1539459677263136,0.02641818946483039,0.18880629497174675,-0.006382319190975237,-0.007528853752720026,0.2716377209772988,278.30557279220125,3.141218919916502,3.131218919916502,0.009999999999999787,75264.72065786221,24800.1167120976,True
0.5730000000000001,1.9449890726010988,8.446075855875826,1.1734514393707274,-0.04060362047570225,-0.04719187898648608,-0.037170651948175315,-0.15352956154358274,0.026772441817823678,0.18860452664569255,-0.0064591882178890725,-0.007507242584733716,0.2716233103803699,278.2908084604356,3.1412189199164966,3.131218919916497,0.009999999999999787,75251.97102286904,24886.67102441207,True
0.5740000000000001,1.9483834688883606,8.460815953355539,1.1733244962958351,-0.041124046332675815,-0.047100402210260454,-0.0376246558621237,-0.15310778829281368,0.027126172150006192,0.1884003552329438,-0.006535594941654592,-0.007485380887499975,0.27160389008253,278.2709114553558,3.1412189199164895,3.1312189199164897,0.009999999999999787,75239.01220351183,24973.835636507578,True
0.5750000000000001,1.9517778651756226,8.475556050835252,1.1731960158704235,-0.041643031436150474,-0.04700772562902142,-0.03807646437869291,-0.1526806628637918,0.027479373433703134,0.18819379670424904,-0.006611534713689207,-0.007463270542260576,0.27157947200976873,278.24589399569726,3.1412189199164806,3.131218919916481,0.009999999999999787,75225.84290588595,25061.59329071638,True
0.5760000000000001,1.9551722614628846,8.490296148314966,1.1730660055905278,-0.042160557644215876,-0.04691385105049249,-0.038526051605114645,-0.15224820031070388,0.027832038644173135,0.18798486727328492,-0.006687002952104543,-0.007440913450827547,0.27155006849032876,278.21576871232196,3.141218919916471,3.131218919916471,0.009999999999999787,75212.46182352185,25149.926810957004,True
0.577,1.9585666577501462,8.505036245794678,1.1729344730398268,-0.04267660686633844,-0.046818780306237096,-0.038973391793850176,-0.15181041585071284,0.028184160759512814,0.18777358339782096,-0.006761995142470963,-0.0074183115353742505,0.27151569225743777,278.18054865101846,3.141218919916459,3.131218919916459,0.009999999999999787,75198.86763757913,25238.819106496005,True
0.578,1.9619610540374082,8.519776343274392,1.1728014258891486,-0.04319116106391249,-0.04672251525164899,-0.03941845934410396,-0.1513673248625234,0.028535732760555408,0.18755996178089515,-0.006836506838576354,-0.00739546673822275,0.27147635645206697,278.14024727532745,3.1412189199164446,3.131218919916445,0.009999999999999787,75185.05901704288,25328.25317549898,True
0.579,1.96535545032467,8.534516440754103,1.1726668718959692,-0.04370420225080559,-0.046625057765943397,-0.03986122880331963,-0.15091894288493846,0.028886747630761954,0.18734401937201778,-0.006910533663179465,-0.007372381021628187,0.27143207462573177,278.09487846941136,3.1412189199164278,3.131218919916428,0.009999999999999787,75171.03461892172,25418.212108375872,True
0.58,1.968749846611932,8.549256538233818,1.1725308189038963,-0.04421571249390349,-0.04652640975214527,-0.04030167486873489,-0.15046528561532346,0.029237198356085,0.18712577336834083,-0.006984071308756325,-0.007349056367557163,0.27138286074330126,278.04445654093297,3.1412189199164238,3.131218919916424,0.009999999999999787,75156.79308844412,25508.679090925558,True
0.581,1.972144242899194,8.563996635713531,1.172393274842186,-0.04472567391363632,-0.04642657313708829,-0.04073977238868369,-0.15000636890833846,0.029587077924916463,0.18690524121604088,-0.007057115538245682,-0.007325494777471706,0.27132872918596607,277.9889962240959,3.141218919916424,3.1312189199164244,0.009999999999999787,75142.33305927,25599.637407288865,True
0.582,1.975538639186456,8.578736733193246,1.1722542477252056,-0.045234068684517494,-0.046325549871401465,-0.04117549636417877,-0.14954220877431385,0.029936379327915836,0.18668244061148723,-0.007129662185783061,-0.007301698272098767,0.27126969475409846,277.928512682575,3.141218919916424,3.1312189199164244,0.009999999999999787,75127.65315368722,25691.07044270903,True
0.583,1.9789330354737178,8.593476830672959,1.1721137456519168,-0.04574087903566869,-0.046223341929501935,-0.04160882195034883,-0.14907282137777225,0.030285095557886162,0.1864573895025444,-0.007201707157431519,-0.007277668891201536,0.2712057726702262,277.8630215125632,3.1412189199164238,3.131218919916424,0.009999999999999787,75112.75198281844,25782.961686110677,True
0.584,1.9823274317609798,8.608216928152672,1.1719717768053501,-0.046246087251340086,-0.04611995130958858,-0.04203972445785111,-0.14859822303594994,0.030633219609646826,0.18623010608989796,-0.0072732464319066,-0.007253408693347372,0.2711369785820457,277.7925387458587,3.1412189199164238,3.131218919916424,0.009999999999999787,75097.62814682879,25875.294732501075,True
0.585,1.9857218280482418,8.622957025632386,1.1718283494520756,-0.046749675671425996,-0.046015380033635436,-0.04246817935428614,-0.14811843021729112,0.03098074447989524,0.18600060882839123,-0.007344276061294944,-0.007228919755671744,0.27106332856547016,277.71708085298775,3.141218919916424,3.1312189199164244,0.009999999999999787,75082.28023513572,25968.053285199585,True
0.586,1.9891162243355038,8.6376971231121,1.1716834719416678,-0.04725162669197568,-0.045909630147385506,-0.042894162265598564,-0.1476334595399326,0.03132766316706339,0.18576891642839338,-0.007414792171767214,-0.007204204173638977,0.2709848391277277,277.63666474637904,3.1412189199164233,3.1312189199164235,0.009999999999999787,75066.70682662021,26061.221157900796,True
0.587,1.9925106206227656,8.652437220591812,1.171537152706166,-0.047751922765698805,-0.045802703720345186,-0.043317648977462514,-0.1471433277701802,0.03167396867116866,0.18553504785717925,-0.007484790964284387,-0.007179264060799073,0.2709015272104915,277.55130778357056,3.1412189199164238,3.131218919916424,0.009999999999999787,75050.90648983986,26154.782276577072,True
0.588,1.9959050169100276,8.667177318071525,1.1713894002595286,-0.04825054640246592,-0.04569460284577908,-0.04373861543665496,-0.14664805182097582,0.0320196539936598,0.1852990223403431,-0.007554268715298299,-0.007154101548541388,0.27081341019306404,277.461027770472,3.141218919916424,3.1312189199164244,0.009999999999999787,75034.87778324328,26248.72068122607,True
0.589,1.9992994131972897,8.68191741555124,1.1712402231970862,-0.04874748016980341,-0.045585329640705476,-0.04415703775241141,-0.14614764875035713,0.03236471213725668,0.18506085936322988,-0.007623221777445555,-0.007128718785844511,0.27072050589559704,277.3658429646638,3.1412189199164238,3.131218919916424,0.009999999999999787,75018.61925538744,26343.020527469078,True
0.59,2.0026938094845517,8.696657513030953,1.171089630194985,-0.04924270669338351,-0.045474886245892264,-0.04457289219777156,-0.1456421357599083,0.032709136105785276,0.18482057867239055,-0.0076916465802351315,-0.0071031179390225645,0.2706228325823587,277.2657720787445,3.141218919916424,3.1312189199164244,0.009999999999999787,75002.12944515496,26437.666088005066,True
0.591,2.0060882057718135,8.711397610510666,1.170937630009631,-0.049736208657508794,-0.0453632748258535,-0.04498615521090684,-0.14513153019320368,0.033052918904006766,0.1845782002770634,-0.007759539630729533,-0.00707730119146795,0.2705204089650444,277.1608342837227,3.1412189199164238,3.131218919916424,0.009999999999999787,74985.4068819751,26532.6417539267,True
0.592,2.0094826020590753,8.726137707990379,1.1707842314771262,-0.050227968805591695,-0.045250497568846484,-0.04539680339643762,-0.14461584953424317,0.03339605353744128,0.1843337444506742,-0.00782689751421922,-0.0070512707433902635,0.2704132542061304,277.05104921245317,3.141218919916424,3.1312189199164244,0.009999999999999787,74968.45008604474,26627.932035902926,True
0.593,2.0128769983463375,8.740877805470094,1.170629443512701,-0.05071796994062838,-0.04513655668686953,-0.04580481352673293,-0.1440951114058811,0.033738533012185934,0.1840872317323679,-0.007893716894890651,-0.0070250288115517815,0.2703013879222758,276.93643696312245,3.141218919916424,3.1312189199164244,0.009999999999999787,74951.257568552,26723.52156523395,True
0.594,2.0162713946335993,8.755617902949806,1.1704732751101432,-0.05120619492566722,-0.045021454415660356,-0.046210162543197014,-0.14356933356824828,0.034080350334726985,0.18383868292855368,-0.007959994516487061,-0.0069985776289988415,0.27018483018776224,276.8170181027725,3.141218919916424,3.1312189199164244,0.009999999999999787,74933.82783190122,26819.39509478345,True
0.595,2.0196657909208615,8.770358000429521,1.1703157353412221,-0.0516926266842725,-0.044905193014694984,-0.04661282755754432,-0.14303853391716606,0.03442149851174729,0.18358811911448533,-0.008025727202963014,-0.0069719194447898526,0.2700636015379895,276.6928136708827,3.1412189199164238,3.131218919916424,0.009999999999999787,74916.15936993959,26915.53749979346,True
0.596,2.0230601872081233,8.785098097909234,1.1701568333551082,-0.05217724820098181,-0.04478777476718753,-0.047012785853057654,-0.14250273048255552,0.03476197054992698,0.183335561635852,-0.008090911859131227,-0.006945056523719032,0.26993772297300284,276.5638451829833,3.1412189199164238,3.131218919916424,0.009999999999999787,74898.25066818543,27011.93377858658,True
0.597,2.026454583495385,8.799838195388947,1.1699965783777884,-0.05266004252175897,-0.04466920198009047,-0.04741001488583232,-0.1419619414268397,0.03510175945573913,0.18308103211040008,-0.00815554547130278,-0.006917991146036535,0.26980721596107243,276.4301346343231,3.1412189199164238,3.131218919916424,0.009999999999999787,74880.10020405798,27108.569053160703,True
0.598,2.0298489797826473,8.814578292868662,1.169834979711477,-0.05314099275444083,-0.04454947698409572,-0.04780449228601014,-0.14141618504333955,0.03544085823523976,0.1828245524295838,-0.008219625107920292,-0.00689072560716491,0.26967210244232476,276.2917045035896,3.1412189199164238,3.131218919916424,0.009999999999999787,74861.70644710862,27205.428569680826,True
0.599,2.033243376069909,8.829318390348375,1.1696720467340245,-0.05362008206917879,-0.044428602133636474,-0.0481961958589934,-0.14086547975466596,0.03577925989385113,0.1825661447602195,-0.008283147920182919,-0.0068632622174108785,0.2695324048323987,276.14857775665513,3.1412189199164247,3.131218919916425,0.009999999999999787,74843.0678592542,27302.497698872834,True
0.6,2.036637772357171,8.844058487828088,1.1695077888983183,-0.05409729369887519,-0.04430657980688962,-0.04858510358665269,-0.14030984411110378,0.03611695743614105,0.1823058315461907,-0.008346111142665221,-0.006835603301674148,0.26938814602617533,276.0007778503981,3.141218919916424,3.1312189199164244,0.009999999999999787,74824.1828950112,27399.76193632362,True
0.601,2.040032168644433,8.858798585307802,1.1693422157316837,-0.054572610939613755,-0.04418341240577913,-0.048971193628514265,-0.1397492967889934,0.03645394386559443,0.18204363551014888,-0.00840851209392722,-0.006807751199151206,0.26923934940152505,275.84832873654216,3.141218919916424,3.1312189199164244,0.009999999999999787,74805.05000173184,27497.20690269219,True
0.602,2.043426564931695,8.873538682787515,1.1691753368352777,-0.05504601715108463,-0.04405910235598009,-0.049354444322936675,-0.13918385658910623,0.03679021218438009,0.18177957965525376,-0.008470348177117556,-0.006779708263035671,0.2690860388231167,275.6912548655587,3.1412189199164233,3.1312189199164235,0.009999999999999787,74785.66761984157,27594.818343835832,True
0.603,2.046820961218957,8.88827878026723,1.1690071618834805,-0.055517495757004334,-0.043933652106923515,-0.04973483418827696,-0.13861354243501506,0.037125755393111984,0.18151368726693112,-0.008531616880568674,-0.006751476860214296,0.2689282386462692,275.529581190613,3.1412189199164238,3.131218919916424,0.009999999999999787,74766.03418307797,27692.582130855906,True
0.604,2.050215357506219,8.903018877746941,1.1688377006232822,-0.05598703024552935,-0.0438070641318022,-0.050112341924036075,-0.13803837337146202,0.03746056649060331,0.18124598191465233,-0.00859231577838399,-0.006723059370958863,0.2687659737208421,275.3633331715507,3.1412189199164233,3.1312189199164235,0.009999999999999787,74746.14811873122,27790.484260066904,True
0.605,2.0536097537934808,8.917758975226654,1.1686669628736661,-0.05645460416966509,-0.04367934092757704,-0.050486946411999786,-0.13745836856272015,0.037794638473616325,0.18097648745373648,-0.008652442531017152,-0.006694458188613809,0.2685992693951788,275.19253677893727,3.1412189199164233,3.1312189199164235,0.009999999999999787,74726.00784788585,27888.51085289321,True
0.606,2.057004150080743,8.932499072706369,1.1684949585249886,-0.056920201147668624,-0.04355048501498457,-0.05085862671736003,-0.13687354729095288,0.03812796433660509,0.18070522802717154,-0.008711994885842893,-0.006665675719279556,0.2684281515200863,275.01721849813566,3.1412189199164233,3.1312189199164235,0.009999999999999787,74705.61178566416,27986.64815569709,True
0.607,2.060398546368005,8.947239170186082,1.168321697538354,-0.05738380486344597,-0.043420498938545285,-0.051227362089823036,-0.13628392895457092,0.03846053707145179,0.18043222806746534,-0.008770970677719992,-0.006636714381491831,0.2682526464528669,274.8374053334371,3.1412189199164224,3.1312189199164226,0.009999999999999787,74684.95834147073,28084.882539541668,True
0.608,2.0637929426552666,8.961979267665795,1.1681471899449862,-0.057845399066944095,-0.04328938526657265,-0.05159313196471031,-0.13568953306658252,0.038792349667199154,0.18015751229850296,-0.00882936782954513,-0.0066075766058960594,0.26807278106138516,274.65312481222776,3.1412189199164224,3.1312189199164226,0.009999999999999787,74664.0459192385,28183.200499892686,True
0.609,2.067187338942529,8.97671936514551,1.1679714458455979,-0.05830496757453713,-0.04315714659118336,-0.05195591596404122,-0.13509037925294437,0.0391233951097746,0.17988110573743715,-0.008887184352798665,-0.006578264834917847,0.2678885827281861,274.464404989208,3.1412189199164215,3.1312189199164218,0.009999999999999787,74642.87291767617,28281.588656262367,True
0.61,2.0705817352297906,8.991459462625222,1.167794475409754,-0.05876249426940653,-0.043023785528308336,-0.05231569389760416,-0.1344864872509079,0.039453666381709766,0.1796030336965985,-0.008944418348081589,-0.006548781522428979,0.2677000793546557,274.271274450655,3.1412189199164207,3.131218919916421,0.009999999999999787,74621.43773051711,28380.03375179866,True
0.611,2.0739761315170524,9.006199560104935,1.167616288875233,-0.059217963101916696,-0.04288930471770473,-0.052672445764015405,-0.13387787690736414,0.039783156461853084,0.17932332178541147,-0.009001068005643037,-0.006519129133408371,0.2675072993652133,274.07376231871837,3.1412189199164198,3.13121891991642,0.009999999999999787,74599.73874676922,28478.522652823514,True
0.612,2.0773705278043146,9.02093965758465,1.1674368965473838,-0.059671358089983834,-0.04275370682296888,-0.05302615175176896,-0.1332645681771842,0.04011185832507779,0.17904199591234934,-0.009057131605899505,-0.006489310143599209,0.2673102717115651,273.8718982557775,3.1412189199164184,3.1312189199164187,0.009999999999999787,74577.77435096639,28577.042348322728,True
0.613,2.0807649240915764,9.035679755064363,1.1672563087984797,-0.060122663319439724,-0.04261699453155045,-0.053376792240265696,-0.1326465811215619,0.04043976494198143,0.1787590822868887,-0.00911260751994393,-0.006459327039160762,0.26710902587697716,273.66571246882006,3.1412189199164167,3.131218919916417,0.009999999999999787,74555.54292342118,28675.579949390893,True
0.614,2.0841593203788387,9.050419852544078,1.167074536067069,-0.060571862944390126,-0.0424791705547673,-0.053724347800835605,-0.13202393590635178,0.04076686927858124,0.17847460742150092,-0.00916749421004636,-0.006429182316316193,0.26690359188060875,273.45523571388117,3.141218919916414,3.131218919916414,0.009999999999999787,74533.04284047896,28774.122688634216,True
0.615,2.0875537166661005,9.06515995002379,1.1668915888573212,-0.061018941187566754,-0.04234023762782168,-0.054068799197752614,-0.13139665280040505,0.041093164296003,0.17818859813364052,-0.009221790230143844,-0.006398878480994907,0.2666940002818718,273.24049930051024,3.1412189199164113,3.1312189199164115,0.009999999999999787,74510.27247477302,28872.657919533736,True
0.616,2.0909481129533622,9.079900047503504,1.1667074777383704,-0.06146388234067447,-0.042200198509817245,-0.0544101273892285,-0.13076475217390654,0.04141864295016353,0.17790108154776846,-0.00927549422632158,-0.006368418048470758,0.2664802821848384,273.02153509628647,3.141218919916408,3.131218919916408,0.009999999999999787,74487.23019548068,28971.17311577194,True
0.617,2.0943425092406245,9.094640144983218,1.1665222133436557,-0.061906670764732274,-0.042059055983777405,-0.05474831352839624,-0.13012825449671125,0.04174329819144606,0.17761208509737977,-0.00932860493728341,-0.006337803542995002,0.2662624692426775,272.7983755313647,3.141218919916404,3.131218919916404,0.009999999999999787,74463.91436858168,29069.655870525425,True
0.618,2.0977369055278863,9.109380242462931,1.166335806370258,-0.06234729089040861,-0.04191681285666463,-0.05508333896429008,-0.12948718033667722,0.04206712296437133,0.17732163652705168,-0.00938112119481238,-0.006307037497424511,0.26604059366214,272.5710536030702,3.141218919916398,3.1312189199163982,0.009999999999999787,74440.32335711668,29168.09389572556,True
0.619,2.101131301815148,9.124120339942644,1.1661482675782329,-0.06278572721835152,-0.04177347195940086,-0.05541518524280431,-0.12884155035800055,0.04239011020726123,0.1770297638945044,-0.009433041924220925,-0.006276122452844971,0.2658146882080703,272.3396028805212,3.141218919916392,3.131218919916392,0.009999999999999787,74416.45552144734,29266.47502129023,True
0.62,2.1045256981024103,9.138860437422359,1.1659596077899408,-0.06322196431951282,-0.04162903614688925,-0.05574383410764283,-0.12819138531955138,0.04271225285189521,0.17673649557267473,-0.009484366144790356,-0.006245060958189045,0.2655847862079552,272.10405750928965,3.1412189199163834,3.1312189199163836,0.009999999999999787,74392.30921951779,29364.787194328408,True
0.621,2.107920094389672,9.15360053490207,1.1657698378893748,-0.06365598683546622,-0.04148350829803683,-0.056069267501265646,-0.12753670607320508,0.0430335438231637,0.17644186025180758,-0.009535092970199737,-0.006213855569849581,0.2653509215565159,271.86445221610535,3.1412189199163736,3.131218919916374,0.009999999999999787,74367.8828071171,29463.018478319827,True
0.622,2.1113144906769343,9.168340632381785,1.1655789688214833,-0.06408777947872073,-0.04133689131577852,-0.0563914675658119,-0.1268775335621795,0.04335397603871161,0.17614588694154676,-0.009585221608943262,-0.006182508851287299,0.26511312872031323,271.620822313575,3.141218919916362,3.1312189199163623,0.009999999999999787,74343.17463814271,29561.157052272178,True
0.623,2.114708886964196,9.183080729861498,1.1653870115914913,-0.06451732703302757,-0.04118918812710252,-0.05671041664401813,-0.12621388881937118,0.04367354240857692,0.17584860497305427,-0.00963475136473714,-0.006151023372633874,0.264871442742404,271.3732037049522,3.1412189199163483,3.1312189199163485,0.009999999999999787,74318.1830648654,29659.191209857367,True
0.624,2.118103283251458,9.19782082734121,1.165193977264218,-0.06494461435368172,-0.04104040168307639,-0.057026097280132027,-0.12554579296568846,0.043992235834824756,0.1755500440011226,-0.009683681636914146,-0.00611940171028912,0.26462589924701674,271.1216328889282,3.1412189199163314,3.1312189199163316,0.009999999999999787,74292.90643819512,29757.10935852896,True
0.625,2.12149767953872,9.212560924820925,1.164999876963391,-0.06536962636781836,-0.04089053495887514,-0.05733849222079945,-0.12487326720839374,0.044310049211171085,0.1752502340063062,-0.009732011920807106,-0.006087646446513316,0.26437653444425296,270.8661469644487,3.141218919916311,3.131218919916311,0.009999999999999787,74267.34310794802,29854.90001862286,True
0.626,2.124892075825982,9.227301022300638,1.1648047218709574,-0.06579234807470233,-0.0407395909538099,-0.057647584415960615,-0.12419633283943814,0.04462697542260488,0.17494920529705607,-0.009779741808119937,-0.0060557601690138805,0.26412338513482514,270.606783635568,3.1412189199162874,3.1312189199162876,0.009999999999999787,74241.49142311433,29952.5518224422,True
0.627,2.1282864721132437,9.242041119780351,1.1646085232263934,-0.0662127645460135,-0.0405875726913584,-0.05795335701972022,-0.12351501123380525,0.04494300734499945,0.17464698851185498,-0.00982687098728636,-0.006023745470526495,0.263866488714803,270.3435812163115,3.141218919916259,3.1312189199162592,0.009999999999999787,74215.34973212788,30050.053513329207,True
0.628,2.131680868400506,9.256781217260066,1.1644112923260057,-0.06663086092611553,-0.04043448321919669,-0.05825579339123319,-0.12282932384780051,0.04525813784470978,0.174343614621342,-0.009873399243813589,-0.005991604948390151,0.26360588318036626,270.0765786355459,3.141218919916238,3.1312189199162384,0.009999999999999787,74188.91638313378,30147.3939447213,True
0.629,2.1350752646877678,9.271521314739779,1.1642130405222364,-0.06704662243233687,-0.04028032560923198,-0.058554877095548914,-0.12213929221743862,0.04557235977818188,0.1740391149304783,-0.009919326460617954,-0.005959341204117918,0.26334160713262683,269.80581544191887,3.1412189199162377,3.131218919916238,0.009999999999999787,74162.18972426142,30244.562079202573,True
0.63,2.1384696609750296,9.286261412219492,1.1640137792229739,-0.0674600343552694,-0.04012510295763626,-0.05885059190439793,-0.12144493795694916,0.045885665991576466,0.17373352108080026,-0.009964652618355725,-0.005926956842964781,0.2630736997825516,269.53133180890325,3.141218919916238,3.1312189199162384,0.009999999999999787,74135.16810390487,30341.546987554157,True
0.631,2.141864057262292,9.301001509699207,1.163813519890833,-0.06787108205898529,-0.03996881838488295,-0.05914292179711735,-0.12074628275688812,0.04619804932031085,0.1734268650524213,-0.010009377795715169,-0.005894454473481556,0.262802200955635,269.2531685395842,3.1412189199162377,3.131218919916238,0.009999999999999787,74107.84987098452,30438.33784777102,True
0.632,2.1452584535495536,9.31574160717892,1.1636122740424564,-0.06827975098131027,-0.03981147503578378,-0.05943185096144643,-0.12004334838258063,0.046509502588657166,0.17311917916623934,-0.010053502169715633,-0.005861836707069832,0.26252715109680685,268.9713670716872,3.1412189199162377,3.131218919916238,0.009999999999999787,74080.23337522616,30534.923944093312,True
0.633,2.148652849836816,9.330481704658634,1.1634100532478047,-0.06868602663407498,-0.03965307607952717,-0.05971736379434551,-0.11933615667247666,0.04682001860931701,0.17281049608608054,-0.010097026015986804,-0.005829106157529036,0.26224859127528527,268.6859694825507,3.141218919916238,3.1312189199162384,0.009999999999999787,74052.31696743633,30631.29466602682,True
0.634,2.1520472461240776,9.345221802138347,1.1632068691294448,-0.06908989460336003,-0.039493624709718414,-0.05999944490280692,-0.11862472953651099,0.04712959018298925,0.17250084882084527,-0.010139949709033955,-0.005796265440597877,0.261966563189445,268.39701849411335,3.1412189199162377,3.131218919916238,0.009999999999999787,74024.09899977842,30727.4395073592,True
0.635,2.1554416424113394,9.35996189961806,1.1630027333618365,-0.06949134054973617,-0.03933312414442102,-0.06027807910465651,-0.11790908895446585,0.04743821009793161,0.17219027072663776,-0.010182273722488023,-0.005763317173489436,0.26168110917168147,268.10455747789774,3.141218919916238,3.1312189199162384,0.009999999999999787,73995.57782605059,30823.348065173388,True
0.636,2.1588360386986016,9.374701997097775,1.1627976576706147,-0.06989035020849846,-0.03917157762619974,-0.0605532514293476,-0.1171892569743381,0.047745871129515505,0.17187879550889942,-0.010223998629341329,-0.005730263974420679,0.2613922721932877,267.808630460007,3.1412189199162377,3.131218919916238,0.009999999999999787,73966.75180196401,30919.010038858927,True
0.637,2.1622304349858634,9.389442094577488,1.1625916538318704,-0.07028690938989496,-0.039008988422165145,-0.060824947118746385,-0.11646525571071065,0.048052566039774175,0.17156645722452157,-0.010265125102167344,-0.005697108462135515,0.26110009586932204,267.509282126112,3.141218919916238,3.1312189199162384,0.009999999999999787,73937.61928542225,31014.415229122355,True
0.638,2.165624831273125,9.404182192057199,1.162384733671427,-0.07068100397935018,-0.03884535982401957,-0.06109315162790909,-0.11573710734312755,0.04835828757694453,0.17125329028395156,-0.010305653913325132,-0.005663853255421891,0.2608046244634751,267.2065578264378,3.141218919916238,3.1312189199162384,0.009999999999999787,73908.17863680147,31109.553536997573,True
0.639,2.1690192275603875,9.418922289536914,1.1621769090641174,-0.07107261993768284,-0.038680695148104786,-0.061357850625851806,-0.11500483411447457,0.04866302847500193,0.17093932945327814,-0.010345585935147249,-0.0056305009726224835,0.2605059028929245,266.9005035807375,3.141218919916238,3.1312189199162384,0.009999999999999787,73878.42821923218,31204.414962857107,True
0.64,2.1724136238476492,9.433662387016627,1.1619681919330545,-0.07146174330131783,-0.03851499773545124,-0.06161902999631312,-0.11426845832936403,0.04896678145318874,0.17062460985630948,-0.010384922140111722,-0.005597054231139426,0.2602039767331866,266.5911660832629,3.141218919916238,3.1312189199162384,0.009999999999999787,73848.366398881,31298.989605424817,True
0.641,2.1758080201349115,9.448402484496341,1.1617585942489022,-0.07184836018249344,-0.03834827095182876,-0.06187667583850901,-0.1135280023525248,0.04926953921553596,0.17030916697661705,-0.010423663600996336,-0.005563515646932199,0.2598988922229389,266.2785927077058,3.141218919916238,3.1312189199162384,0.009999999999999787,73817.99154523431,31393.267660791334,True
0.642,2.1792024164221733,9.463142581976054,1.1615481280291426,-0.07223245676946229,-0.03818051818779919,-0.062130774467880026,-0.11278348860719871,0.04957129445037792,0.1699930366595764,-0.010461811491016599,-0.005529887834009766,0.25959069626883896,265.96283151213464,3.1412189199162386,3.131218919916239,0.009999999999999787,73787.3020313822,31487.239421432423,True
0.643,2.182596812709435,9.477882679455767,1.1613368053373403,-0.07261401932668754,-0.038011742858770306,-0.062381312416834436,-0.1120349395735401,0.049872039829861076,0.16967625511436493,-0.01049936708394498,-0.005496173403915602,0.2592794364503054,265.64393124389306,3.141218919916238,3.1312189199162384,0.009999999999999787,73756.29623430337,31580.895275231338,True
0.644,2.1859912089966973,9.492622776935482,1.161124638282405,-0.07299303419503324,-0.037841948405051735,-0.06262827643548034,-0.11128237778702431,0.05017176800944498,0.16935885891594551,-0.010536331754212685,-0.00546237496520668,0.25896516102427786,265.32194134447695,3.1412189199162377,3.131218919916238,0.009999999999999787,73724.9725351514,31674.225704505676,True
0.645,2.189385605283959,9.507362874415195,1.1609116390178513,-0.07336948779194927,-0.037671138291912445,-0.06287165349235684,-0.11052582583685958,0.05047047162739752,0.16904088500701128,-0.01057270697699226,-0.00542849512292556,0.2586479189299411,264.99691195437407,3.141218919916238,3.1312189199162384,0.009999999999999787,73693.32931954147,31767.22128503922,True
0.646,2.192780001571221,9.522102971894908,1.1606978197410562,-0.0737433666116514,-0.037499316009639905,-0.06311143077515285,-0.1097653063644075,0.05076814330428223,0.1687223706999076,-0.010608494328261803,-0.005394536478066192,0.25832775979341416,264.6688939178686,3.141218919916238,3.1312189199162384,0.009999999999999787,73661.36497783824,31859.87268511969,True
0.647,2.196174397858483,9.536843069374623,1.1604831926925137,-0.07411465722529535,-0.03732648507360109,-0.06334759569142782,-0.10900084206160751,0.05106477564244025,0.16840335367850978,-0.010643695484849008,-0.0053605016270327705,0.25800473393239565,264.3379387878005,3.141218919916238,3.1312189199162384,0.009999999999999787,73629.07790544444,31952.170664582474,True
0.648,2.199568794145745,9.551583166854336,1.160267770155087,-0.07448334628114582,-0.03715264902430529,-0.06358013586931825,-0.10823245566941123,0.051360361225463926,0.16808387200005973,-0.010678312224455063,-0.0053263931610918035,0.2576788923607519,264.00409883026606,3.1412189199162377,3.131218919916238,0.009999999999999787,73596.46650309044,32044.10607386114,True
0.649,2.2029631904330067,9.566323264334049,1.1600515644532594,-0.07484942050474037,-0.03697781142746853,-0.06380903915824696,-0.10746016997622071,0.0516548926176648,0.1677639640969758,-0.010712346425658992,-0.005292213665817863,0.2573502867930718,263.6674270292846,3.1412189199162377,3.131218919916238,0.009999999999999787,73563.52917712489,32135.66985304522,True
0.65,2.206357586720269,9.581063361813763,1.1598345879523813,-0.07521286669904786,-0.036801975874080003,-0.06403429362962011,-0.10668400781633687,0.051948362363533784,0.16744366877859487,-0.010745800067899528,-0.005257965720531856,0.2570189696491352,263.3279770913768,3.141218919916238,3.1312189199162384,0.009999999999999787,73530.26433980586,32226.85303094548,True
0.651,2.2097519830075307,9.595803459293476,1.1596168530579158,-0.07557367174462129,-0.03662514598047031,-0.06425588757752687,-0.10590399206841275,0.05224076298719534,0.16712302523288894,-0.010778675231436783,-0.005223651897733132,0.2566849940583443,262.98580345010464,3.1412189199162377,3.131218919916238,0.009999999999999787,73496.67040959321,32317.64672416716,True
0.652,2.213146379294793,9.610543556773191,1.159398372214682,-0.07593182259974622,-0.03644732538838141,-0.06447380951942645,-0.10512014565391699,0.0525320869918538,0.1668020730281078,-0.010810974097290633,-0.005189274762524029,0.2563484138640569,262.640961270511,3.1412189199162373,3.1312189199162375,0.009999999999999787,73462.74581144165,32408.042136191747,True
0.653,2.2165407755820548,9.625283654252904,1.1591791579060942,-0.07628730630058307,-0.03626851776503877,-0.0646880481968367,-0.10433249153560402,0.05282232685923332,0.16648085211438227,-0.010842698947157284,-0.0051548368720280196,0.25600928362786096,262.2935064534992,3.1412189199162373,3.1312189199162375,0.009999999999999787,73428.4889770946,32498.030556467253,True
0.654,2.2199351718693165,9.640023751732617,1.158959222653402,-0.07664010996130498,-0.03608872680322499,-0.06489859257601847,-0.10354105271599162,0.05311147504901111,0.1661594028252565,-0.010873852163302016,-0.005120340774800495,0.25566765863375507,261.9434956401162,3.1412189199162373,3.1312189199162375,0.009999999999999787,73393.89834537912,32587.603359507695,True
0.655,2.223329568156579,9.654763849212332,1.1587385790149256,-0.07699022077423018,-0.035907956221355807,-0.0651054318486505,-0.10274585223585,0.0533995239982427,0.16583776587916424,-0.010904436228428589,-0.005085789010232841,0.25532359489223894,261.5909862157433,3.141218919916237,3.131218919916237,0.009999999999999787,73358.9723625017,32676.75200400186,True
0.656,2.2267239644438406,9.669503946692043,1.158517239585289,-0.07733762600994895,-0.035726209763557816,-0.06530855543250966,-0.1019469131726957,0.05368646612078151,0.16551598238083157,-0.010934453725523796,-0.005051184107949283,0.25497714914430747,261.2360363141884,3.1412189199162364,3.1312189199162366,0.009999999999999787,73323.70948234462,32765.46803193152,True
0.657,2.2301183607311024,9.684244044171756,1.1582952169946514,-0.07768231301744628,-0.0355434911997482,-0.06550795297213977,-0.10114425863929795,0.053972293806690004,0.16519409382260977,-0.010963907337677237,-0.0050165285871967506,0.2546283788653339,260.8787048216644,3.141218919916236,3.131218919916236,0.009999999999999787,73288.10816676331,32853.74306769973,True
0.658,2.2335127570183646,9.69898414165147,1.158072523907938,-0.07802426922421876,-0.03535980432571644,-0.06570361433952158,-0.10033791178219191,0.05425699942164513,0.16487214208573123,-0.010992799847875321,-0.0049818249562276345,0.2542773422688414,260.5190513806534,3.141218919916235,3.1312189199162352,0.009999999999999787,73252.16688588509,32941.568817269035,True
0.659,2.2369071533056264,9.713724239131183,1.157849173024064,-0.07836348213638662,-0.035175152963208306,-0.06589552963474038,-0.09952789578020341,0.054540575306335264,0.16455016944148718,-0.011021134138769189,-0.0049470757116756026,0.2539240983101555,260.1571363936488,3.141218919916234,3.1312189199162344,0.009999999999999787,73215.8841184077,33028.93706730993,True
0.66,2.240301549592888,9.728464336610896,1.157625177075162,-0.07869993933880104,-0.03498954096001146,-0.06608368918664832,-0.09871423384298102,0.05482301377585154,0.1642282185523112,-0.0110489131924151,-0.004912283337923965,0.2535687066899159,259.7930210267532,3.1412189199162324,3.1312189199162326,0.009999999999999787,73179.25835189958,33115.8396843599,True
0.661,2.2436959458801504,9.743204434090611,1.1574005488258026,-0.07903362849514628,-0.03480297219004354,-0.06626808355352745,-0.09789694920954085,0.055104307119070634,0.1639063324727881,-0.011076140089988269,-0.0048774503064674775,0.2532112278574654,259.42676721315075,3.141218919916231,3.1312189199162312,0.009999999999999787,73142.28808310082,33202.26861399301,True
0.662,2.247090342167412,9.757944531570324,1.1571753010722148,-0.0793645373480366,-0.034615450553442194,-0.06644870352375076,-0.09707606514681846,0.055384447598031857,0.16358455465055224,-0.011102818011467291,-0.00484257907526656,0.2528517230140778,259.05843765641396,3.1412189199162297,3.13121891991623,0.009999999999999787,73104.9718182245,33288.21588000017,True
0.663,2.2504847384546744,9.772684629050039,1.1569494466415042,-0.07969265371910912,-0.03442697997665717,-0.06662554011643823,-0.09625160494823479,0.05566342744730543,0.16326292892709351,-0.01112895023529025,-0.004807672088094628,0.25249025411603176,258.68809583365334,3.141218919916226,3.1312189199162264,0.009999999999999787,73067.3080732595,33373.67358358063,True
0.664,2.2538791347419362,9.787424726529752,1.156722998390869,-0.08001796550911074,-0.034237564412544726,-0.06679858458211702,-0.09542359193226993,0.055941238873354934,0.16294149953845652,-0.011154540137980801,-0.004772731773878332,0.25212688387752286,258.31580599850076,3.141218919916223,3.1312189199162233,0.009999999999999787,73029.29537427385,33458.633902544076,True
0.665,2.257273531029198,9.802164824009465,1.1564959692068122,-0.08034046069798131,-0.03404720784046408,-0.0669678284033729,-0.09459204944105032,0.05621787405389164,0.16262031111583247,-0.011179591193744282,-0.004737760546030795,0.25176167577339476,257.9416331839077,3.1412189199162195,3.1312189199162197,0.009999999999999787,72990.93225771903,33543.089090524285,True
0.666,2.2606679273164603,9.81690492148918,1.156268372004354,-0.08066012734493119,-0.033855914266376075,-0.06713326329551163,-0.09375700083894355,0.05649332513722258,0.16229940868602594,-0.011204106974031845,-0.004702760801777556,0.2513946940416855,257.565643204754,3.1412189199162146,3.131218919916215,0.009999999999999787,72952.21727073495,33627.031476203716,True
0.667,2.264062323603722,9.831645018968892,1.15604021972624,-0.0809769535885144,-0.03366368772294421,-0.06729488120720935,-0.09291846951117003,0.05676758424158986,0.16197883767181462,-0.011228091147073741,-0.004667734921475937,0.2510260036859821,257.18790266026025,3.1412189199162093,3.1312189199162095,0.009999999999999787,72913.14897145588,33710.45346254951,True
0.668,2.267456719890984,9.846385116448605,1.1558115253421484,-0.0812909276466973,-0.033470532269637754,-0.06745267432116744,-0.09207647886242237,0.05704064345450373,0.16165864389217105,-0.011251547477379217,-0.004632685267927099,0.25065567047756093,256.80847893618096,3.1412189199162013,3.1312189199162015,0.009999999999999787,72873.72592931762,33793.34752606098,True
0.669,2.270851116178246,9.86112521392832,1.155582301847894,-0.08160203781692207,-0.033276451992837144,-0.06760663505477177,-0.09123105231549597,0.05731249483206914,0.16133887356235133,-0.011274479825202863,-0.004597614185681192,0.250283760957315,256.4274402067787,3.141218919916193,3.131218919916193,0.009999999999999787,72833.94672536482,33875.7062160283,True
0.67,2.274245512465508,9.875865311408033,1.1553525622646308,-0.08191027247616603,-0.033081451005941925,-0.06775675606074211,-0.09038221330993768,0.057583130398302276,0.16101957329385216,-0.011296892145977297,-0.004562524000335869,0.24991034243745,256.04485543656216,3.141218919916182,3.1312189199161824,0.009999999999999787,72793.80995255975,33957.522153802944,True
0.671,2.27763990875277,9.890605408887748,1.1551223196380522,-0.08221562008099625,-0.03288553344948064,-0.06790303022779125,-0.08952998530070115,0.05785254214444237,0.16070079009421873,-0.01131878848971048,-0.004527417017827837,0.2495354830029426,255.66079438178005,3.1412189199161697,3.13121891991617,0.009999999999999787,72753.31421609166,34038.78803207946,True
0.672,2.281034305040032,9.90534550636746,1.154891587037589,-0.0825180691676195,-0.032688703491223464,-0.06804545068128072,-0.08867439175681802,0.05812072202825462,0.16038257136670206,-0.01134017300034723,-0.0044922955237177474,0.24915925151274435,255.2753275916547,3.1412189199161547,3.131218919916155,0.009999999999999787,72712.45813368732,34119.49661418886,True
0.673,2.2844287013272937,9.920085603847172,1.1546603775556041,-0.08281760835192772,-0.03249096532629678,-0.06818401078388162,-0.08781545616007971,0.05838766197332719,0.160064964909759,-0.01136104991509406,-0.0044571617824684,0.24878171760072412,254.88852640934743,3.141218919916137,3.131218919916137,0.009999999999999787,72671.24033592177,34199.64073340353,True
0.674,2.287823097614556,9.934825701326886,1.1544287043065864,-0.0831142263295395,-0.032292323177300575,-0.06831870413622987,-0.08695320200373736,0.05865335386835825,0.15974801891638413,-0.011381423563706252,-0.0044220180367163225,0.2484029516763244,254.50046297263114,3.141218919916116,3.1312189199161162,0.009999999999999787,72629.6594665308,34279.21329225392,True
0.675,2.2912174939018177,9.9495657988066,1.1541965804263423,-0.08340791187583635,-0.03209278129442816,-0.0684495245775903,-0.08608765279121144,0.058917789566437714,0.1594317819732834,-0.011401298367737385,-0.004386866506537246,0.2480230249249446,254.11121021428292,3.141218919916091,3.1312189199160914,0.009999999999999787,72587.71418272381,34358.207261856485,True
0.676,2.2946118901890795,9.964305896286312,1.1539640190711835,-0.08369865384598366,-0.03189234395558762,-0.06857646618653572,-0.08521883203477108,0.05918096088430982,0.15911630305983504,-0.011420678839745589,-0.004351709388704173,0.2476420093079868,253.72084186213098,3.1412189199160703,3.1312189199160705,0.009999999999999787,72545.40315549535,34436.61568124926,True
0.677,2.2980062864763418,9.979045993766027,1.153731033417113,-0.08398644117496154,-0.03169101546652656,-0.06869952328161218,-0.08434676325428371,0.0594428596016425,0.15880163154690022,-0.011439569582464108,-0.0043165488559402925,0.24725997756262105,253.32943243881417,3.1412189199160703,3.1312189199160705,0.009999999999999787,72502.72506994026,34514.4316567441,True
0.678,2.3014006827636035,9.99378609124574,1.1534976366590144,-0.0842712628776417,-0.03148880016096133,-0.06881869042192675,-0.08347146997617791,0.05970347746033463,0.1584878171955352,-0.011457975287944375,-0.004281387056168567,0.24687700320130024,252.9370572612849,3.1412189199160703,3.1312189199160705,0.009999999999999787,72459.67862558029,34591.64836130889,True
0.679,2.3047950790508653,10.008526188725453,1.1532638420098296,-0.08455310804873772,-0.03128570240070381,-0.06893396240792271,-0.08259297573193819,0.059962806163702274,0.15817491015527713,-0.01147590073662429,-0.004246226111748533,0.2464931605107264,252.54379243975012,3.1412189199160707,3.131218919916071,0.009999999999999787,72416.26253666685,34668.259033916685,True
0.68,2.3081894753381276,10.023266286205168,1.153029662699738,-0.08483196586284542,-0.03108172657579463,-0.06904533428201731,-0.08171130405698776,0.06022083737574532,0.15786296096239794,-0.01149335079637903,-0.004211068118712606,0.24610852455061877,252.14971487640912,3.1412189199160707,3.131218919916071,0.009999999999999787,72372.47553250314,34744.25697894062,True
0.681,2.3115838716253894,10.03800638368488,1.1527951119753361,-0.08510782557445402,-0.03087687710463801,-0.06915280132928127,-0.08082647848948768,0.0604775627203832,0.157552020537907,-0.011510330421522077,-0.00417591514599559,0.24572317115207518,251.75490226377474,3.1412189199160707,3.131218919916071,0.009999999999999787,72328.31635776289,34819.63556555133,True
0.682,2.3149782679126516,10.052746481164595,1.1525602030988114,-0.08538067651795375,-0.030671158434138902,-0.06925635907812105,-0.07993852256915125,0.06073297378068309,0.1572421401853223,-0.011526844651760976,-0.0041407692346584445,0.24533717691553672,251.35943308258803,3.1412189199160703,3.1312189199160705,0.009999999999999787,72283.78377280958,34894.3882271258,True
0.683,2.3183726641999134,10.067486578644308,1.1523249493471166,-0.08565050810763873,-0.030464575039843213,-0.06935600330096549,-0.07904745983607628,0.06098706209807999,0.1569333715882248,-0.011542898611108432,-0.0041056323971072044,0.24495061920836145,250.9633865993323,3.1412189199160707,3.131218919916071,0.009999999999999787,72238.87655401714,34968.508460667465,True
0.684,2.321767060487175,10.082226676124021,1.1520893640111383,-0.08591730983770665,-0.030257131426080254,-0.06945173001495822,-0.0781533138295911,0.061239819171589896,0.1566257668075702,-0.011558497506746623,-0.004070506616306651,0.2445635761619766,250.5668428633157,3.14121891991607,3.13121891991607,0.009999999999999787,72193.59349409053,35041.98982623805,True
0.685,2.3251614567744374,10.096966773603736,1.1518534603948671,-0.08618107128225412,-0.03004883212610817,-0.06954353548265302,-0.07725610808712,0.0614912364570145,0.15631937827875814,-0.011573646627844256,-0.004035393844989272,0.2441761266685983,250.16988270331015,3.1412189199160707,3.131218919916071,0.009999999999999787,72147.93340238882,35114.82594640033,True
0.686,2.328555853061699,10.111706871083449,1.1516172518145618,-0.08644178209526815,-0.029839681702262054,-0.06963141621271514,-0.07635586614306447,0.06174130536613843,0.1560142588084648,-0.011588351344326607,-0.004000296004860077,0.24378835037751895,249.77258772374765,3.1412189199160703,3.1312189199160705,0.009999999999999787,72101.89510524766,35187.010505672435,True
0.687,2.331950249348961,10.126446968563162,1.151380751597914,-0.08669943201061424,-0.029629684746104574,-0.06971536896062867,-0.07545261152770116,0.061990017265919205,0.15571046157119026,-0.011602617105594546,-0.003965214985796435,0.24340032769090747,249.3750403004176,3.14121891991607,3.13121891991607,0.009999999999999787,72055.47744630415,35258.53724999335,True
0.6880000000000001,2.3353446456362232,10.141187066042876,1.151143973083208,-0.08695401084202045,-0.029418845878579604,-0.0697953907294082,-0.07454636776609931,0.062237363477668665,0.15540804010556836,-0.011616449439195792,-0.003930152645044715,0.2430121397591576,248.97732357570067,3.1412189199160707,3.131218919916071,0.009999999999999787,72008.6792868215,35329.39998619957,True
0.6890000000000001,2.338739041923485,10.15592716352259,1.1509069296184806,-0.08720550848305782,-0.02920716975016865,-0.06987147877031837,-0.07363715837705487,0.06248333527622718,0.15510704831038502,-0.011629853949444057,-0.003895110806412803,0.24262386847572753,248.57952145328187,3.1412189199160703,3.1312189199160705,0.009999999999999787,71961.4995060156,35399.59258151284,True
0.6900000000000001,2.3421334382107473,10.170667261002304,1.150669634560676,-0.08745391490711747,-0.028994661041049797,-0.06994363058359691,-0.07272500687204342,0.06272792388912996,0.15480754044031997,-0.01164283631598694,-0.003860091259459354,0.2422355964714721,248.18171859234374,3.1412189199160703,3.1312189199160705,0.009999999999999787,71913.93700138202,35469.10896303917,True
0.6910000000000001,2.345527834498009,10.185407358482015,1.1504321012748002,-0.0876992201673838,-0.028781324461259944,-0.07001184391918731,-0.07180993675419267,0.06297112049576527,0.15450957110140026,-0.011655402292321345,-0.003825095758680117,0.24184740710845348,247.7840004012249,3.1412189199160707,3.131218919916071,0.009999999999999787,71865.99068902445,35537.94311727861,True
0.6920000000000001,2.348922230785271,10.200147455961728,1.1501943431330721,-0.0879414143968046,-0.02856716475085946,-0.07007611677747634,-0.07089197151727245,0.06321291622652538,0.15421319524615218,-0.011667557704255259,-0.003790126022691427,0.24145938447320373,247.38645303051732,3.14121891991607,3.13121891991607,0.009999999999999787,71817.65950398377,35606.08908964626,True
0.6930000000000001,2.352316627072533,10.214887553441443,1.1499563735140714,-0.0881804878080576,-0.028352186680100068,-0.07013644741003902,-0.06997113464470613,0.06345330216194905,0.15391846816844873,-0.011679308448315284,-0.0037551837334114523,0.24107161336943092,246.98916336559344,3.1412189199160703,3.1312189199160705,0.009999999999999787,71768.94240056849,35673.54098400408,True
0.6940000000000001,2.355711023359795,10.229627650921156,1.1497182058018862,-0.08841643069351349,-0.028136395049595583,-0.07019283432039224,-0.06904744960860046,0.06369226933185675,0.15362544549804782,-0.011690660490099385,-0.0037202705352396294,0.24068417931015448,246.5922190185484,3.1412189199160707,3.131218919916071,0.009999999999999787,71719.83835268633,35740.292962203464,True
0.6950000000000001,2.3591054196470567,10.244367748400869,1.1494798533852546,-0.0886492334251962,-0.027919794690495388,-0.07024527626475388,-0.06812093986879687,0.06392980871447747,0.15333418319480516,-0.011701619862573481,-0.003685388034234447,0.24029716850924454,246.19570831953172,3.14121891991607,3.13121891991607,0.009999999999999787,71670.3463541763,35806.3392436389,True
0.6960000000000001,2.362499815934319,10.259107845880584,1.1492413296567072,-0.08887888645473946,-0.027702390464661147,-0.07029377225281236,-0.0671916288719419,0.06416591123556825,0.1530447375425576,-0.011712192664311172,-0.0036505377972901737,0.23991066787235496,245.79972030745773,3.14121891991607,3.13121891991607,0.009999999999999787,71620.46541914262,35871.674104812075,True
0.6970000000000001,2.3658942122215807,10.273847943360296,1.149002648011705,-0.08910538031334045,-0.02748418726484649,-0.07033832154850443,-0.06625954005057992,0.06440056776752547,0.15275716514266655,-0.011722385057675762,-0.0036157213513128748,0.23952476498723027,245.4043447200747,3.1412189199160703,3.1312189199160705,0.009999999999999787,71570.19458228927,35936.29187890685,True
0.6980000000000001,2.3692886085088425,10.28858804084001,1.1487638218477743,-0.08932870561171065,-0.02726519001487949,-0.07037892367079672,-0.06532469682226824,0.06463376912848805,0.152471522907226,-0.011732203266944753,-0.0035809401823964577,0.23913954811337673,245.0096719833822,3.1412189199160703,3.1312189199160705,0.009999999999999787,71519.5328992556,36000.18695537494,True
0.6990000000000001,2.3726830047961047,10.303328138319724,1.1485248645636403,-0.08954885304002327,-0.027045403669848485,-0.070415578394484,-0.06438712258871088,0.06486550608143345,0.15218786805190798,-0.011741653576374416,-0.0035461957349988155,0.2387551061710744,244.61579320037347,3.1412189199160707,3.131218919916071,0.009999999999999787,71468.47944695342,36063.35377953195,True
0.7000000000000001,2.3760774010833665,10.318068235799437,1.148285789558358,-0.08976581336785805,-0.026824833216290894,-0.07044828575099196,-0.06344684073491731,0.06509576933326537,0.15190625808845548,-0.011750742328205268,-0.0035114894111189796,0.2383715287297208,244.22280013909315,3.1412189199160703,3.1312189199160705,0.009999999999999787,71417.0333239052,36125.78685216412,True
0.7010000000000001,2.3794717973706287,10.332808333279152,1.1480466102304385,-0.08997957744414332,-0.02660348367238497,-0.07047704602918685,-0.06250387462838464,0.065324549533893,0.151626750816799,-0.011759475920606416,-0.003476822569475398,0.2379889059954751,243.83078521997788,3.1412189199160707,3.131218919916071,0.009999999999999787,71365.19365058288,36187.48072914555,True
0.7020000000000001,2.3828661936578905,10.347548430758865,1.1478073399769742,-0.09019013619709496,-0.02638136008814501,-0.07050185977620244,-0.06155824761829885,0.06555183727530396,0.15134940431680932,-0.011767860805559591,-0.003442196524686427,0.23760732879821628,243.43984150249457,3.14121891991607,3.13121891991607,0.009999999999999787,71312.95956974849,36248.43002106573,True
0.7030000000000001,2.3862605899451523,10.362288528238578,1.1475679921927608,-0.09039748063415326,-0.026158467545619398,-0.07052272779826892,-0.060609983034765016,0.06577762309062732,0.1510742769396601,-0.011775903486680938,-0.003407612546453076,0.23722688857776786,243.05006267102686,3.14121891991607,3.13121891991607,0.009999999999999787,71260.33024679577,36308.62939286763,True
0.704,2.389654986232414,10.37702862571829,1.1473285802694169,-0.09060160184191651,-0.025934811159092075,-0.07053965116155896,-0.05965910418805645,0.0660018974531907,0.1508014272988056,-0.011783610516980708,-0.003373071858744981,0.23684767736939807,242.66154302001934,3.1412189199160694,3.1312189199160696,0.009999999999999787,71207.3048700928,36368.07356349586,True
0.705,2.393049382519676,10.391768723198004,1.147089117594499,-0.09080249098607279,-0.02571039607528714,-0.07055263119303667,-0.05870563436789286,0.06622465077556787,0.15053091426055906,-0.011790988496559948,-0.003338575638989989,0.23646978778856242,242.27437743834574,3.1412189199160694,3.1312189199160696,0.009999999999999787,71153.88265132607,36426.757305555366,True
0.706,2.396443778806938,10.406508820677718,1.1468496175506162,-0.09100013931132873,-0.02548522747357665,-0.07056166948132772,-0.05774959684273884,0.06644587340861996,0.15026279693427722,-0.011798044070244417,-0.0033041250172682925,0.23609331301489964,241.88866139291184,3.1412189199160685,3.1312189199160687,0.009999999999999787,71100.06282584569,36484.67544498017,True
0.707,2.3998381750942,10.42124891815743,1.1466100935145396,-0.09119453814133635,-0.025259310566191857,-0.07056676787758885,-0.05679101485913335,0.06666555564052737,0.14999713466212855,-0.01180478392515419,-0.0032697210755114367,0.2357183467754349,241.50449091144662,3.141218919916068,3.1312189199160683,0.009999999999999787,71045.84465301191,36541.822860712375,True
0.708,2.4032325713814617,10.435989015637142,1.1463705588563093,-0.09138567887861752,-0.02503265059843745,-0.07056792849639751,-0.05582991164103933,0.0668836876958151,0.14973398700844662,-0.011811214788209056,-0.003235364846707013,0.23534498332699982,241.12196256449042,3.141218919916067,3.1312189199160674,0.009999999999999787,70991.22741654264,36598.194484391344,True
0.709,2.406626967668724,10.450729113116857,1.1461310269383405,-0.09157355300448633,-0.024805252848909415,-0.07056515371664801,-0.05486631038922474,0.06710025973436942,0.14947341374867196,-0.011817343423570072,-0.003201057314110019,0.2349733174378551,240.74117344656673,3.1412189199160667,3.131218919916067,0.009999999999999787,70936.21042486287,36653.78530005288,True
0.71,2.4100213639559858,10.46546921059657,1.1458915111145227,-0.09175815207896912,-0.024577122629716147,-0.07055844618246432,-0.05390023428066636,0.06731526185044741,0.14921547485786357,-0.011823176630015962,-0.0031667994104612853,0.23460344436849798,240.36222115651844,3.1412189199160654,3.1312189199160656,0.009999999999999787,70880.79301145468,36708.590343838514,True
0.711,2.4134157602432476,10.480209308076283,1.145652024729319,-0.09193946774072302,-0.024348265286702794,-0.07054780880411905,-0.05293170646798443,0.06752868407167817,0.1489602304987787,-0.011828721238254451,-0.0031325920172138037,0.23423545985163843,239.9852037769925,3.1412189199160636,3.131218919916064,0.009999999999999787,70824.97453520886,36762.60470371485,True
0.712,2.41681015653051,10.494949405555998,1.145412581116861,-0.09211749170695224,-0.024118686199679197,-0.07053324475896819,-0.05196075007890322,0.0677405163580567,0.14870774100951437,-0.011833984108168145,-0.003098435963767747,0.23386946007133944,239.61021985306817,3.1412189199160623,3.1312189199160625,0.009999999999999787,70768.75438077825,36815.82351920287,True
0.713,2.4202045528177716,10.50968950303571,1.14517319360004,-0.09229221577332268,-0.023888390782651293,-0.07051475749239951,-0.05098738821574176,0.06795074860092959,0.14845806689072594,-0.01183897212599653,-0.0030643320267154024,0.23350554164132772,239.2373683700353,3.1412189199160596,3.13121891991606,0.009999999999999787,70712.13195893155,36868.24198111715,True
0.714,2.423598949105034,10.524429600515425,1.1449338754895968,-0.09246363181387485,-0.02365738448405561,-0.07049235071879131,-0.050011643954930345,0.06815937062197416,0.14821126879238103,-0.011843692201450914,-0.003030280929095959,0.2331438015824276,238.8667487302744,3.1412189199160565,3.1312189199160567,0.009999999999999787,70655.10670690954,36919.85533131502,True
0.715,2.4269933453922956,10.539169697995138,1.1446946400832057,-0.09263173178093523,-0.02342567278699778,-0.07046602842248405,-0.0490335403465616,0.06836637217216854,0.14796740750008208,-0.011848151264765487,-0.002996283339661946,0.23278433729914597,238.49846072926664,3.141218919916054,3.131218919916054,0.009999999999999787,70597.6780887818,36970.65886245567,True
0.716,2.4303877416795574,10.553909795474851,1.1444555006645567,-0.09279650770502627,-0.023193261209494095,-0.07043579485876783,-0.04805310041396812,0.06857174293075494,0.14772654392093254,-0.011852356263682688,-0.002962339872157566,0.2324272465553837,238.13260453070924,3.14121891991605,3.13121891991605,0.009999999999999787,70539.84559580522,37020.64791776912,True
0.717,2.4337821379668196,10.568649892954566,1.1442164705024347,-0.09295795169477471,-0.022960155304716796,-0.0704016545548816,-0.047070347153330826,0.06877547250419576,0.14748873906895602,-0.011856314160374117,-0.0029284510846101686,0.23207262744927343,237.7692806407355,3.141218919916046,3.131218919916046,0.009999999999999787,70481.60874678408,37069.81789083496,True
0.718,2.4371765342540814,10.583389990434279,1.1439775628497948,-0.09311605593681888,-0.02272636066124306,-0.07036361231102341,-0.04608530353332267,0.06897755042512112,0.14725405405005462,-0.011860031928296327,-0.0028946174786355374,0.2317205783871279,237.40858988122363,3.14121891991604,3.1312189199160403,0.009999999999999787,70422.96708843153,37118.164225370936,True
0.719,2.440570930541343,10.598130087913992,1.143738790942833,-0.09327081269571481,-0.02249188290330722,-0.0703216732013821,-0.04509799249477843,0.06917796615127031,0.14702255004651943,-0.011863516548983034,-0.0028608394987581468,0.2313711980565167,237.05063336221278,3.1412189199160334,3.1312189199160336,0.009999999999999787,70363.92019573192,37165.68241503145,True
0.72,2.4439653268286055,10.612870185393707,1.1435001680000547,-0.09342221431384136,-0.022256727691056875,-0.0702758425751715,-0.04410843695040422,0.06937670906442431,0.14679428830107993,-0.011866775008773249,-0.0028271175317472015,0.23102458539844054,236.69551245339403,3.141218919916025,3.131218919916025,0.009999999999999787,70304.46767230546,37212.36800321581,True
0.721,2.4473597231158672,10.62761028287342,1.1432617072213407,-0.09357025321130372,-0.02202090072081262,-0.07022612605769388,-0.04311665978451087,0.06957376846933327,0.1465693301004964,-0.011869814295476056,-0.0027934519059694524,0.23068083957862873,236.3433287547035,3.141218919916016,3.1312189199160163,0.009999999999999787,70244.60915077403,37258.21658288601,True
0.722,2.450754119403129,10.642350380353133,1.143023421787013,-0.09371492188581834,-0.02178440772532026,-0.07017252955147972,-0.0421226838527194,0.06976913359259301,0.14634773675870477,-0.011872641394971356,-0.002759842890758577,0.230340059957992,235.99418406604983,3.1412189199160143,3.1312189199160145,0.009999999999999787,70184.34429312623,37303.22379638643,True
0.723,2.4541485156903913,10.657090477832845,1.1427853248568756,-0.09385621291266576,-0.02154725447404694,-0.07011505923717011,-0.04112653198195994,0.06996279358166599,0.14612956959949672,-0.011875263287756932,-0.0027262906958083256,0.2300023460620044,235.64818035594445,3.1412189199160143,3.1312189199160145,0.009999999999999787,70123.67279109171,37347.38533530351,True
0.724,2.457542911977653,10.671830575312558,1.1425474295692826,-0.09399411894454984,-0.02130944677342755,-0.07005372157478998,-0.04012822697014993,0.07015473750369612,0.1459148899387539,-0.011877686945423228,-0.0026927954705788294,0.22966779754944924,235.3054197294804,3.1412189199160143,3.1312189199160145,0.009999999999999787,70062.5943665071,37390.6969402943,True
0.725,2.4609373082649153,10.686570672792273,1.1423097490401855,-0.09412863271150809,-0.02107099046714384,-0.06998852330482459,-0.03912779158610724,0.07034495434442348,0.1457037590662227,-0.011879919327074183,-0.002659357303727348,0.22933651418013776,234.96600439525858,3.1412189199160143,3.1312189199160145,0.009999999999999787,70001.10877168873,37433.15440094743,True
0.726,2.464331704552177,10.701310770271986,1.1420722963621783,-0.09425974702081481,-0.02083189143640414,-0.06991947144934024,-0.03812524856947462,0.07053343300708048,0.14549623822685215,-0.011881967375689282,-0.0026259762225607896,0.22900859578178243,234.63003663144787,3.1412189199160148,3.131218919916015,0.009999999999999787,69939.21578980655,37474.75355565088,True
0.727,2.467726100839439,10.716050867751699,1.1418350846035399,-0.09438745475688215,-0.020592155600225138,-0.06984657331312936,-0.03712062063067134,0.0707201623112762,0.1452923886016791,-0.011883838014427002,-0.0025926521925108735,0.22868414221599992,234.29761875095357,3.1412189199160143,3.1312189199160145,0.009999999999999787,69876.91523525918,37515.4902914687,True
0.728,2.471120497126701,10.730790965231414,1.1415981268072724,-0.09451174888116076,-0.02035178891571771,-0.06976983648487033,-0.036113930450884346,0.07090513099187394,0.145092271288276,-0.011885538142872076,-0.0025593851166334815,0.22836325334345553,233.9688530657063,3.1412189199160143,3.1312189199160145,0.009999999999999787,69814.20695405075,37555.36054402734,True
0.729,2.474514893413963,10.745531062711127,1.141361435990135,-0.09463262243204065,-0.020110797378376583,-0.06968926883830324,-0.03510520068209833,0.07108832769786212,0.1448959472807724,-0.011887074633228464,-0.00252617483513336,0.22804602898816725,233.64384185008976,3.1412189199160148,3.131218919916015,0.009999999999999787,69751.09082416914,37594.36029741198,True
0.73,2.4779092897012247,10.76027116019084,1.1411250251416754,-0.09475006852475218,-0.01986918702237358,-0.06960487853342104,-0.03409445394716434,0.07126974099121906,0.14470347744944265,-0.011888454326458483,-0.0024930211249149883,0.22773256890096769,233.32268730350577,3.1412189199160143,3.1312189199160145,0.009999999999999787,69687.56675596633,37632.4855840725,True
0.731,2.481303685988487,10.775011257670554,1.1408889072232553,-0.09486408035126737,-0.019626963920854983,-0.06951667401767662,-0.03308171283990993,0.0714493593457713,0.14451492251986567,-0.011889684028369634,-0.002459923699160795,0.227422972722138,233.0054915120911,3.141218919916015,3.1312189199160154,0.009999999999999787,69623.63469253996,37669.73248473943,True
0.732,2.4846980822757487,10.789751355150267,1.1406530951670726,-0.09497465118020151,-0.01938413418624281,-0.06942466402720615,-0.03206699992529016,0.07162717114604589,0.14433034305169298,-0.011890770505653205,-0.0024268822069382725,0.22711733994325634,232.69235640962924,3.1412189199160143,3.1312189199160145,0.009999999999999787,69559.29461011666,37706.097128349706,True
0.733,2.4880924785630105,10.80449145262998,1.14041760187518,-0.09508177435671565,-0.019140703970539682,-0.06932885758806805,-0.0310503377395802,0.07180316468611668,0.14414979941698583,-0.011891720481872675,-0.0023938962328362546,0.22681576986823374,232.38338373762997,3.1412189199160143,3.1312189199160145,0.009999999999999787,69494.5465184376,37741.57569198234,True
0.734,2.4914868748502728,10.819231550109695,1.140182440218498,-0.09518544330241949,-0.01889667946563794,-0.06922926401749664,-0.030031748790611705,0.07197732816844485,0.14397335177818618,-0.011892540633408463,-0.002360965296632518,0.2265183615736081,232.0786750046486,3.1412189199160143,3.1312189199160145,0.009999999999999787,69429.390461145,37776.16440080401,True
0.735,2.4948812711375346,10.833971647589408,1.1399476230358245,-0.09528565151527532,-0.018652066903632674,-0.06912589292517582,-0.029011255558052153,0.07214964970271374,0.14380106006567747,-0.011893237585356662,-0.002328088852992823,0.22622521386807162,231.77833144482,3.1412189199160143,3.1312189199160145,0.009999999999999787,69363.82651617083,37809.85952802466,True
0.736,2.498275667424797,10.848711745069123,1.139713163132841,-0.09538239256950305,-0.018406872557138396,-0.06901875421452468,-0.027988880493728455,0.07232011730465841,0.14363298395499224,-0.011893817907387822,-0.0022952662912032753,0.22593642525129187,231.48245397566882,3.1412189199160143,3.1312189199160145,0.009999999999999787,69297.85479612747,37842.657394863,True
0.737,2.5016700637120586,10.863451842548836,1.139479073281112,-0.09547566011548622,-0.018161102739610226,-0.06890785808400035,-0.026964646021998336,0.07248871889488945,0.14346918284364948,-0.011894288109565814,-0.002262496934936735,0.22565209387202842,231.19114315519803,3.1412189199160143,3.1312189199160145,0.009999999999999787,69231.47544869971,37874.55437052222,True
0.738,2.5050644599993204,10.878191940028549,1.1392453662170814,-0.09556544787967944,-0.017914763805668504,-0.0687932150284204,-0.02593857454016365,0.07265544229771258,0.14330971582765023,-0.011894654638130487,-0.0022297800420544825,0.22537231748559125,230.90449913830307,3.1412189199160143,3.1312189199160145,0.009999999999999787,69164.68865703852,37905.54687217565,True
0.739,2.5084588562865826,10.892932037508263,1.1390120546410654,-0.09565174966451748,-0.01766786215142786,-0.0686748358402962,-0.024910688418936,0.07282027523994238,0.14315464167763142,-0.011894923871245713,-0.002197114804444158,0.22509719341064816,230.62262163251896,3.1412189199160148,3.131218919916015,0.009999999999999787,69097.49464015735,37935.63136496267,True
0.74,2.5118532525738444,10.907672134987974,1.1387791512162386,-0.09573455934832562,-0.017420404214830203,-0.06855273161118802,-0.023881010002946384,0.07298320534971237,0.14300401881471386,-0.011895102114717232,-0.0021645003478953178,0.22482681848544384,230.34560985316477,3.1412189199160143,3.1312189199160145,0.009999999999999787,69029.89365332937,37964.80436199473,True
0.741,2.515247648861106,10.922412232467687,1.1385466685676169,-0.09581387088523231,-0.01717239647598154,-0.06842691373306936,-0.022849561611307925,0.07314422015527965,0.14285790528603365,-0.011895195597681148,-0.002131935732013251,0.22456128902342817,230.07356247788272,3.141218919916014,3.131218919916014,0.009999999999999787,68961.88598848697,37993.06242437183,True
0.742,2.5186420451483684,10.937152329947402,1.1383146192810356,-0.09588967830508345,-0.01692384545749312,-0.06829739389971631,-0.021816365538224372,0.07330330708382644,0.14271635874000083,-0.01189521046826822,-0.002099419950172608,0.22430070076836947,229.8065776006495,3.1412189199160143,3.1312189199160145,0.009999999999999787,68893.47197462333,38020.40216120903,True
0.743,2.52203644143563,10.951892427427115,1.1380830159021227,-0.09596197571335884,-0.016674757724826662,-0.06816418410810694,-0.020781444053652825,0.07346045346025712,0.14257943640128146,-0.011895152789245382,-0.002066951929511501,0.22404514884895732,229.5447526852649,3.1412189199160148,3.131218919916015,0.009999999999999787,68824.65197819547,38046.82022967364,True
0.744,2.5254308377228925,10.96663252490683,1.1378518709352665,-0.09603075729109134,-0.01642513988664335,-0.0680272966598364,-0.01974481940401842,0.07361564650599145,0.14244719504553252,-0.011895028533638746,-0.0020345305309672434,0.2237947277329502,229.2881845183738,3.1412189199160143,3.1312189199160145,0.009999999999999787,68755.42640352923,38072.31333503278,True
0.745,2.5288252340101542,10.981372622386543,1.137621196842581,-0.09609601729478809,-0.016174998595157426,-0.06788674416255117,-0.018706513812981506,0.07376887333775489,0.14231969097390573,-0.011894843580341027,-0.0020021545493547578,0.22354953118091042,229.03696916206545,3.1412189199160148,3.131218919916015,0.009999999999999787,68685.79569322676,38096.87823071136,True
0.746,2.532219630297416,10.996112719866256,1.1373910060428616,-0.09615775005635456,-0.015924340546493325,-0.06774253953140062,-0.017666549482256124,0.07392012096636616,0.14219697998734274,-0.011894603709707291,-0.001969822713488546,0.2233096521995715,228.79120190609615,3.1412189199160143,3.1312189199160145,0.009999999999999787,68615.76032857462,38120.51171836096,True
0.747,2.5356140265846783,11.01085281734597,1.137161310910542,-0.09621594998302178,-0.01567317248104745,-0.067594695990497,-0.01662494859249131,0.07406937629552078,0.1420791173606768,-0.011894314599142003,-0.0019375336863491888,0.2230751829948683,228.5509772197666,3.141218919916014,3.131218919916014,0.009999999999999787,68545.32082995547,38143.21064793917,True
0.748,2.53900842287194,11.025592914825683,1.1369321237746415,-0.09627061155727616,-0.01542150118385386,-0.0674432270743987,-0.015581733304200634,0.07421662612057364,0.14196615781656996,-0.01189398181868177,-0.0019052860652953234,0.2228462149247008,228.3163887035258,3.141218919916014,3.131218919916014,0.009999999999999787,68474.47775726039,38164.97191779989,True
0.749,2.542402819159202,11.040333012305396,1.1367034569177075,-0.09632172933679288,-0.015169333484953904,-0.06728814662960678,-0.014536925758752903,0.07436185712731885,0.14185815549930836,-0.01189361082657759,-0.0018730783823219601,0.22262283845146977,228.08752904034205,3.1412189199160143,3.1312189199160145,0.009999999999999787,68403.23171030353,38185.79247479448,True
0.75,2.545797215446464,11.055073109785111,1.1364753225747568,-0.09636929795437277,-0.014916676259770334,-0.06712946881607294,-0.013490548079422945,0.07450505589076761,0.14175516394846954,-0.011893206964879728,-0.0018409091043659178,0.2224051430944261,227.86448994688234,3.141218919916014,3.131218919916014,0.009999999999999787,68331.58332923935,38205.66931438387,True
0.751,2.549191611733726,11.069813207264824,1.1362477329322067,-0.0964133121178826,-0.01466353642948548,-0.06696720810872928,-0.012442622372498654,0.07464620887392533,0.1416572360724915,-0.011892775455029758,-0.0018087766336592225,0.22219321738190148,227.64736212457046,3.1412189199160134,3.1312189199160136,0.009999999999999787,68259.5332949806,38224.59948076192,True
0.752,2.5525860080209877,11.084553304744537,1.1360207001268043,-0.09645376661019951,-0.01440992096142335,-0.06680137929902732,-0.011393170728451259,0.07478530242656733,0.14156442412217685,-0.011892321393464531,-0.0017766793081313073,0.22198714880347153,227.43623521057603,3.1412189199160134,3.1312189199160136,0.009999999999999787,68187.08232961946,38242.5800669898,True
0.753,2.55598040430825,11.099293402224252,1.135794236244549,-0.09649065628915936,-0.014155836869436141,-0.06663199749649415,-0.010342215223166626,0.07492232278401434,0.1414767796641408,-0.011891849747234937,-0.0017446154018605831,0.22178702376209877,227.23119772878252,3.1412189199160125,3.1312189199160128,0.009999999999999787,68114.23119684984,38259.60821514188,True
0.754,2.5593748005955117,11.114033499703964,1.1355683533196106,-0.09652397608750926,-0.013901291214294951,-0.066459078130304,-0.00928977791923976,0.07505725606590774,0.14139435355423907,-0.011891365349644491,-0.001712583125576152,0.221592927526321,227.03233704080225,3.141218919916012,3.1312189199160123,0.009999999999999787,68040.98070239226,38275.68111646287,True
0.755,2.562769196882774,11.12877359718368,1.1353430633332415,-0.09655372101286507,-0.013646291104084236,-0.06628263695085967,-0.008235880867335746,0.07519008827498486,0.14131719591100347,-0.011890872895912306,-0.001680580627210252,0.22140494418253936,226.83973929709302,3.1412189199160117,3.131218919916012,0.009999999999999787,67967.33169442038,38290.79601153674,True
0.756,2.5661635931700357,11.143513694663392,1.135118378212683,-0.09657988614767302,-0.01339084369460108,-0.06610269003139206,-0.007180546107614212,0.07532080529585541,0.14124535608910793,-0.011890376938864336,-0.001648605992502072,0.22122315658747013,226.65348938824297,3.141218919916011,3.1312189199160114,0.009999999999999787,67893.2850639895,38304.95019046731,True
0.757,2.5695579894572975,11.158253792143103,1.1348943098300681,-0.09660246664917661,-0.01313495618975787,-0.0659192537695723,-0.006123795671219748,0.07544939289377947,0.14117888265289033,-0.011889881884657269,-0.001616657245653262,0.22104764632081314,226.473670896477,3.14121891991601,3.13121891991601,0.009999999999999787,67818.84174546748,38318.140993070345,True
0.758,2.5729523857445598,11.172993889622818,1.1346708700013155,-0.09662145774938868,-0.012878635841989719,-0.06573234488913582,-0.005065651581843342,0.0755758367134465,0.14111782334996412,-0.01188939198854006,-0.0015847323500358407,0.22087849363820455,226.30036604745473,3.141218919916008,3.1312189199160083,0.009999999999999787,67744.00271696685,38330.36580907821,True
0.759,2.5763467820318215,11.187733987102531,1.134448070485022,-0.09663685475506903,-0.012621889952665877,-0.06554198044151575,-0.004006135857355868,0.07570012227775677,0.1410622250849418,-0.011888911350657142,-0.0015528292089527402,0.2207157774245067,226.13365566241384,3.1412189199160063,3.1312189199160065,0.009999999999999787,67668.76900078008,38341.62207835614,True
0.76,2.5797411783190833,11.202474084582244,1.1342259229813458,-0.09664865304770719,-0.012364725872504957,-0.06534817780749726,-0.002945270511502722,0.07582223498660667,0.14101213389330544,-0.01188844391189835,-0.0015209456664513838,0.22055957514751784,225.97361911074336,3.1412189199160045,3.1312189199160048,0.009999999999999787,67593.14166381588,38351.907291130956,True
0.761,2.5831355746063456,11.217214182061959,1.1340044391308872,-0.09665684808351163,-0.012107151001994686,-0.06515095469887476,-0.0018830775556813034,0.07594216011567609,0.14096759491544866,-0.011887993449799917,-0.0014890795081906236,0.22040996281214095,225.82033426302766,3.1412189199160006,3.1312189199160008,0.009999999999999787,67517.12181803792,38361.218988232264,True
0.762,2.5865299708936074,11.231954279541672,1.1337836305135607,-0.09666143539340483,-0.011849172791815648,-0.06495032916012677,-0.000819579000785893,0.07605988281522064,0.14092865237091753,-0.01188756357450094,-0.0014572284623611742,0.22026701491509135,225.67387744464213,3.141218919915997,3.131218919915997,0.009999999999999787,67440.71062090553,38369.55476134615,True
0.763,2.5899243671808696,11.246694377021386,1.1335635086474838,-0.09666241058302062,-0.011590798743256457,-0.06474631957014844,0.00024520314084992844,0.07617538810883426,0.14089534953288607,-0.011887157724759796,-0.0014253902006582007,0.22013080440023453,225.5343233899948,3.1412189199159952,3.1312189199159954,0.009999999999999787,67363.90927582156,38376.91225327781,True
0.764,2.5933187634681314,11.2614344745011,1.1333440849877976,-0.09665976933272137,-0.011332036408671486,-0.0645389446438368,0.001311246853493893,0.07628866089232006,0.14086772870287234,-0.011886779164036153,-0.001393562339312308,0.22000140261446116,225.40174519731806,3.141218919915996,3.1312189199159963,0.009999999999999787,67286.71903256644,38383.289158238964,True
0.765,2.596713159755393,11.276174571980812,1.1331253709255351,-0.09665350739761024,-0.011072893391909283,-0.06432822343382255,0.0023785301159294065,0.07639968593247942,0.1408458311857667,-0.01188643097664247,-0.0013617424401704064,0.21987887926440217,225.2762142843215,3.1412189199159957,3.131218919915996,0.009999999999999787,67209.14118774788,38388.68322213796,True
0.766,2.6001075560426554,11.290914669460527,1.1329073777864933,-0.09664362060754887,-0.010813377348739196,-0.06411417533224041,0.0034470308992797676,0.07650844786588966,0.14082969726516606,-0.011886116063968307,-0.0013299280118294794,0.21976330237393965,225.15780034465956,3.1412189199159957,3.131218919915996,0.009999999999999787,67131.17708525503,38393.092242881394,True
0.767,2.603501952329917,11.30565476694024,1.132690116830066,-0.09663010486718986,-0.01055349598730286,-0.06389682007241625,0.0045167271647823855,0.07661493119774576,0.1408193661790521,-0.011885837140784332,-0.0012981165108265772,0.21965473824250276,225.0465713052039,3.1412189199159952,3.1312189199159954,0.009999999999999787,67052.82811670609,38396.5140706957,True
0.768,2.606896348617179,11.320394864419953,1.1324735992480828,-0.09661295615601408,-0.01029325706856196,-0.06367617773059397,0.005587596861471515,0.07671912030069031,0.14081487609584417,-0.011885596731628957,-0.0012663053428812927,0.2195532514042965,224.94259328427128,3.141218919915995,3.131218919915995,0.009999999999999787,66974.0957219009,38398.946608460035,True
0.769,2.6102907449044412,11.335134961899668,1.1322578361636417,-0.09659217052837624,-0.01003266840675024,-0.06345226872766795,0.006659617923774908,0.07682099941365203,0.14081626409084988,-0.011885397167282116,-0.0012344918641914134,0.21945890458849673,224.84593055084162,3.1412189199159957,3.131218919915996,0.009999999999999787,66894.9813892754,38400.38781205304,True
0.77,2.613685141191703,11.34987505937938,1.1320428386299375,-0.09656774411355863,-0.009771737869829426,-0.06322511383092513,0.007732768269027622,0.07692055264069433,0.14082356612315972,-0.011885240581332088,-0.001202673382781546,0.21937175868049297,224.7566454848492,3.1412189199159952,3.1312189199159954,0.009999999999999787,66815.48665635833,38400.83569071367,True
0.771,2.617079537478965,11.364615156859093,1.1318286176290815,-0.09653967311583352,-0.00951047337994877,-0.06299473415578674,0.00880702579489698,0.07701776394987404,0.14083681701296877,-0.011885128906835993,-0.0011708471599038873,0.21929187268418668,224.6747985385558,3.1412189199159957,3.131218919915996,0.009999999999999787,66735.61311022937,38400.28830741635,True
0.772,2.620473933766227,11.379355254338808,1.1316151840709179,-0.09650795381453434,-0.009248882913908716,-0.06276115116755936,0.00988236837672091,0.07711261717211176,0.14085605041942031,-0.01188506387308381,-0.0011390104114913256,0.21921930368547715,224.60044819913992,3.1412189199159952,3.1312189199159954,0.009999999999999787,66655.3623879796,38398.74377926056,True
0.773,2.623868330053489,11.394095351818521,1.1314025487918327,-0.09647258256413624,-0.008986974503628405,-0.06252438668318629,0.010958773864754537,0.0772050960000743,0.1408812988189206,-0.011885047002463704,-0.001107160309661633,0.21915410681690942,224.53365095247727,3.1412189199159952,3.1312189199159954,0.009999999999999787,66574.73617717359,38396.20027787528,True
0.774,2.627262726340751,11.408835449298236,1.1311907225535576,-0.09643355579434588,-0.008724756236616601,-0.06228446287300207,0.012036220081327384,0.07729518398707054,0.14091259348401639,-0.011885079607438136,-0.0010752939842726458,0.219096335223604,224.47446124823395,3.1412189199159957,3.131218919915996,0.009999999999999787,66493.73621631348,38392.656029838145,True
0.775,2.630657122628013,11.423575546777947,1.1309797160419668,-0.09639087001020133,-0.008462236256446851,-0.06204140226248941,0.013114684817905705,0.0773828645459613,0.14094996446281927,-0.011885162787631316,-0.0010434085245275046,0.21904604003048242,224.42293146628748,3.1412189199159952,3.1312189199159954,0.009999999999999787,66412.36429530474,38388.10931711014,True
0.776,2.6340515189152747,11.43831564425766,1.130769539865869,-0.09634452179218184,-0.008199422763235816,-0.06179522773403407,0.014194145832060703,0.07746812094808435,0.14099344055900911,-0.011885297427032478,-0.0010115009806291471,0.21900327031084255,224.3791118845309,3.1412189199159952,3.1312189199159954,0.009999999999999787,66330.62225592385,38382.558477485494,True
0.777,2.637445915202537,11.453055741737375,1.1305602045557925,-0.09629450779632821,-0.007936324014125567,-0.061545962528680886,0.015274580844340486,0.07755093632219584,0.14104304931245812,-0.011885484191320211,-0.000979568365483469,0.21896807305635246,224.34305064812995,3.1412189199159952,3.1312189199159954,0.009999999999999787,66248.5119922876,38376.001905057376,True
0.778,2.6408403114897987,11.467795839217088,1.1303517205627658,-0.09624082475437394,-0.007672948323769416,-0.061293630247888156,0.016355967535044168,0.07763129365342882,0.1410988169804637,-0.01188572352530849,-0.0009476076564499485,0.21894049314847464,224.31479374024588,3.1412189199159952,3.1312189199159954,0.009999999999999787,66166.03545132454,38368.438050699406,True
0.779,2.6442347077770605,11.4825359366968,1.1301440982570896,-0.09618346947388744,-0.007409304064820981,-0.061038254855276294,0.01743828354089563,0.07770917578227018,0.14116076851964807,-0.011886015650520953,-0.0009156157971390269,0.21892057333139445,224.29438495429937,3.1412189199159952,3.1312189199159954,0.009999999999999787,66083.19463324735,38359.86542256368,True
0.78,2.6476291040643227,11.497276034176515,1.1299373479271062,-0.0961224388384257,-0.007145399668427008,-0.0607798606783742,0.01852150645161629,0.07778456540355727,0.14122892756851257,-0.01188636056289389,-0.0008835896992550435,0.21890835418646729,224.28186586779051,3.1412189199159952,3.1312189199159954,0.009999999999999787,65999.99159202771,38350.282586594956,True
0.781,2.6510235003515845,11.512016131656228,1.1297314797779598,-0.09605772980769983,-0.006881243624723491,-0.060518472410360805,0.019605613806395413,0.0778574450654951,0.1413033164306912,-0.011886758030613233,-0.0008515262444837778,0.2189038741082434,224.27727581773502,3.1412189199159957,3.131218919915996,0.009999999999999787,65916.42843587205,38339.68816706192,True
0.782,2.6544178966388468,11.526756229135943,1.1295265039303541,-0.09598933941775277,-0.006616844483334823,-0.0602541151117946,0.020690583090253928,0.07792779716869556,0.14138395605889878,-0.011887207592086528,-0.0008194222864232624,0.21890716928207865,224.28065187772538,3.1412189199159957,3.131218919915996,0.009999999999999787,65832.50732769967,38328.08084710515,True
0.783,2.6578122929261085,11.541496326615656,1.1293224304193006,-0.09591726478114941,-0.0063522108538766895,-0.05998681421234132,0.02177639173030385,0.07799560396523984,0.14147086603960357,-0.011887708554053786,-0.0007872746525568546,0.2189182736633848,224.292028836672,3.1412189199159952,3.1312189199159954,0.009999999999999787,65748.23048562146,38315.4593693029,True
0.784,2.6612066892133703,11.556236424095369,1.1291192691928638,-0.09584150308717966,-0.006087351406461493,-0.05971659551248585,0.022863017091898724,0.07806084755776559,0.14156406457844314,-0.011888259989840017,-0.0007550801462671647,0.21893721895853888,224.31143917924373,3.1412189199159952,3.1312189199159954,0.009999999999999787,65663.6001834209,38301.82253625411,True
0.785,2.6646010855006326,11.570976521575083,1.128917030110899,-0.0957620516020748,-0.005822274872207303,-0.05944348518523554,0.023950436474673223,0.07812350989857962,0.14166356848638145,-0.011888860737750515,-0.0007228355488895672,0.21896403460746863,224.33891306802596,3.141218919915995,3.131218919915995,0.009999999999999787,65578.61875103578,38287.169211179644,True
0.786,2.6679954817878944,11.585716619054796,1.128715722943786,-0.09567890766923746,-0.0055569900437496675,-0.059167509777808255,0.02503862710847183,0.07818357278879824,0.14176939316663098,-0.011889509399611996,-0.0006905376218039184,0.21899874776794165,224.37447832742407,3.141218919915995,3.131218919915995,0.009999999999999787,65493.28857504209,38271.49831854172,True
0.787,2.671389878075156,11.60045671653451,1.1285153573711548,-0.0955920687094855,-0.0052915057757560394,-0.05888869621330895,0.026127566149165612,0.07824101787751633,0.1418815526023495,-0.011890204339461455,-0.0006581831085630289,0.21904138330157857,224.4181604293333,3.141218919915995,3.131218919915995,0.009999999999999787,65407.61209913832,38254.80884468192,True
0.788,2.6747842743624184,11.615196814014224,1.1283159429806078,-0.09550153222131051,-0.005025830985443325,-0.058607071792382844,0.027217230674349925,0.07829582666100629,0.14200005934512278,-0.011890943682384655,-0.0006257687370565024,0.21909196376159634,224.4699824805812,3.1412189199159943,3.1312189199159945,0.009999999999999787,65321.59182463181,38237.09983847821,True
0.789,2.67817867064968,11.629936911493937,1.128117489266434,-0.0954072957811508,-0.004759974653097924,-0.05832266419485893,0.028307597678930728,0.07834798048194942,0.14212492450422892,-0.011891725313504747,-0.0005932912217083154,0.21915050938229544,224.52996521215658,3.141218919915993,3.131218919915993,0.009999999999999787,65235.23031092529,38218.37041202127,True
0.79,2.681573066936942,11.64467700897365,1.1279200056283218,-0.0953093570436799,-0.00449394582259826,-0.058035501481363994,0.029398644070586535,0.0783974605287001,0.14225615773670697,-0.011892546877123778,-0.0005607472657066714,0.2192170380702943,224.59812697022915,3.1412189199159917,3.131218919915992,0.009999999999999787,65148.530176005865,38198.619741310235,True
0.791,2.684967463224204,11.659417106453365,1.127723501370061,-0.09520771374211041,-0.004227753601939863,-0.05774561209492153,0.03049034666511503,0.07844424783458541,0.1423937672382333,-0.01189340577601807,-0.0005281335632645578,0.21929156539753,224.67448370897804,3.1412189199159903,3.1312189199159906,0.009999999999999787,65061.4940969336,38177.84706696867,True
0.792,2.688361859511466,11.674157203933076,1.1275279856982432,-0.09510236368851403,-0.003961407163762858,-0.05745302486252166,0.03158268218165383,0.07848832327724124,0.14253775973479155,-0.011894299170886946,-0.000495446801909308,0.21937410459599424,224.75904898519872,3.1412189199159886,3.1312189199159888,0.009999999999999787,64974.1248103318,38156.051694980866,True
0.793,2.6917562557987282,11.68889730141279,1.1273334677209563,-0.09499330477415782,-0.0036949157458812786,-0.05715776899666531,0.032675627237780225,0.07852966757798709,0.1426881404751653,-0.011895223979957768,-0.00046268366479957734,0.21946466655423288,224.8518339547166,3.141218919915986,3.131218919915986,0.009999999999999787,64886.42511287835,38133.23299744851,True
0.794,2.69515065208599,11.703637398892504,1.1271399564464728,-0.09488053496985771,-0.0034282886518149543,-0.05685987409688009,0.03376915834448091,0.07856826130124074,0.14284491322422108,-0.011896176878745167,-0.0004298408330680459,0.21956325981556785,224.9528473705653,3.141218919915982,3.131218919915982,0.009999999999999787,64798.39786179716,38109.39041336903,True
0.795,2.698545048373252,11.718377496372216,1.126947460781933,-0.09476405232634862,-0.0031615352513228202,-0.05655937015120727,0.03486325190100317,0.07860408485397588,0.14300808025702583,-0.011897154299968387,-0.00039691498818818205,0.21966989057807637,225.0620955829654,3.141218919915977,3.1312189199159772,0.009999999999999787,64710.045975350455,38084.523449434906,True
0.796,2.701939444660514,11.733117593851931,1.126755989532025,-0.09464385497467309,-0.0028946649809382663,-0.056256287537647665,0.03595788418956462,0.07863711848522265,0.14317764235373986,-0.011898152433622347,-0.0003639028143632627,0.21978456269624652,225.1795825410205,3.141218919915971,3.131218919915971,0.009999999999999787,64621.372433332246,38058.63168085517,True
0.797,2.705333840947776,11.747857691331644,1.1265655513976573,-0.09451994112658743,-0.00262768734450621,-0.055950657025583383,0.03705303136994462,0.07866734228561532,0.1433535987953398,-0.011899167227207004,-0.00033080100093608447,0.21990727768436738,225.3053097961907,3.1412189199159624,3.1312189199159626,0.009999999999999787,64532.38027756129,38031.714752199034,True
0.798,2.7087282372350376,11.762597788811357,1.1263761549746292,-0.09439230907498679,-0.00236061191372125,-0.05564250977715004,0.038148669473934554,0.07869473618698726,0.14353594736011915,-0.011900194386111007,-0.000297606244817423,0.2200380347215632,225.43927650745033,3.1412189199159517,3.131218919915952,0.009999999999999787,64443.072612375174,38003.77237826233,True
0.799,2.7121226335223,11.777337886291072,1.1261878087522934,-0.09426095719434903,-0.0020934483286673914,-0.055331877348574955,0.03924477439966001,0.07871927996201655,0.1437246843209852,-0.011901229374151105,-0.00026431525293165104,0.22017683065848886,225.5814794481478,3.1412189199159375,3.1312189199159377,0.009999999999999787,64353.45260512402,37974.804344957,True
0.8,2.7155170298095617,11.792077983770785,1.1260005211122188,-0.09412588394119878,-0.0018262062983590028,-0.05501879169146535,0.040341321905758544,0.07874095322392317,0.14391980444353786,-0.011902267414266346,-0.00023092474467772313,0.22032366002563802,225.73191301451752,3.1412189199159197,3.13121891991592,0.009999999999999787,64263.52348666529,37944.81051022418,True
0.801,2.718911426096824,11.8068180812505,1.1258143003268437,-0.09398708785459038,-0.0015588956012822473,-0.05470328515405882,0.04143828760543328,0.07875973542622171,0.1441213009849209,-0.01190330348936595,-0.00019743145440370103,0.2204785150432492,225.8905692358294,3.141218919915896,3.1312189199158964,0.009999999999999787,64173.28855185718,37913.790804971264,True
0.802,2.7223058223840857,11.821558178730212,1.125629154558182,-0.09384456755660345,-0.0012915260859167998,-0.05438539048246209,0.04253564696022484,0.07877560586247269,0.1443291656933756,-0.011904332343323476,-0.00016383213389045532,0.22064138563268806,226.0574377860503,3.1412189199158873,3.1312189199158875,0.009999999999999787,64082.75116006802,37881.74523402385,True
0.803,2.7257002186713475,11.836298276209925,1.1254450918563532,-0.09369832175288766,-0.0010241076713252317,-0.05406514082169117,0.04363337527406452,0.07878854366627647,0.14454338880871892,-0.011905348482142468,-0.00013012355485424214,0.22081225942954644,226.23250599726467,3.1412189199158873,3.1312189199158875,0.009999999999999787,63991.91473563715,37848.67387713344,True
0.804,2.7290946149586097,11.85103837368964,1.1252621201582802,-0.09354834923319905,-0.0007566503476745562,-0.05374256971681063,0.04473144768676988,0.07879852781114473,0.1447639590633856,-0.011906346175252368,-9.630251144871273e-05,0.22099112179802746,226.41575887441292,3.1412189199158873,3.1312189199158875,0.009999999999999787,63900.782768383084,37814.576889979144,True
0.805,2.7324890112458715,11.865778471169353,1.125080247286364,-0.09339464887196294,-0.0004891641767663746,-0.05341771111399018,0.04582983916743942,0.07880553711045696,0.1449908636842085,-0.011907319456955365,-6.236582277471745e-05,0.2211779558467719,226.607179111506,3.1412189199158873,3.1312189199158875,0.009999999999999787,63809.35881410607,37779.454505199355,True
0.806,2.7358834075331333,11.880518568649066,1.1248994809470976,-0.09323721962886845,-0.00022165929258962953,-0.053090599361451336,0.04692852450784845,0.07880955021754624,0.14522408839496484,-0.011908262128026832,-2.8310335398000522e-05,0.2213727424461418,226.8067471093336,3.1412189199158873,3.1312189199158875,0.009999999999999787,63717.6464950738,37743.30703345977,True
0.807,2.7392778038203955,11.89525866612878,1.1247198287296984,-0.09307606054948193,4.5854098136228214e-05,-0.05276126921036895,0.048027478315637785,0.07881054562582819,0.14546361741958272,-0.011909167757457793,5.867074131064672e-06,0.22157546024680852,227.0144409945081,3.1412189199158878,3.131218919915888,0.009999999999999787,63625.64950051198,37706.134864544474,True
0.808,2.7426722001076573,11.909998763608494,1.1245412981047398,-0.09291117076588389,0.00031336571541864633,-0.05242975581570487,0.04912667500735529,0.07880850166900183,0.14570943348601412,-0.011910029684340068,4.016949675615289e-05,0.22178608569962385,227.23023663982383,3.141218919915888,3.1312189199158884,0.009999999999999787,63533.37158709498,37667.93846847393,True
0.809,2.746066596394919,11.924738861088205,1.1243638964227782,-0.09274254949732949,0.000580865205450459,-0.052096094736967684,0.05022608880134838,0.07880339652132484,0.14596151783076833,-0.01191084101989301,7.459998839375369e-05,0.22200459307673112,227.4541076858861,3.1412189199158873,3.1312189199158875,0.009999999999999787,63440.81657943429,37628.71839665099,True
0.81,2.7494609926821814,11.93947895856792,1.1241876309129804,-0.09257019605093368,0.0008483421400691787,-0.05176032193889784,0.0513256937105063,0.07879520819796618,0.1462198502040633,-0.011911594649627747,0.00010916156741357425,0.22223095449384356,227.6860255639366,3.1412189199158873,3.1312189199158875,0.009999999999999787,63347.988370566614,37588.47528303513,True
0.811,2.752855388969443,11.954219056047632,1.1240125086817452,-0.09239410982238117,0.0011157860162175656,-0.051422473792072314,0.052425463534849434,0.07878391455543887,0.1464844088756036,-0.011912283235648996,0.00014385721212219953,0.22246513993365827,227.92595951984208,3.1412189199158873,3.1312189199158875,0.009999999999999787,63254.89092243933,37547.20984534578,True
0.812,2.7562497852567054,11.968959153527347,1.123838536711326,-0.09221429029666167,0.0013831862554062103,-0.05108258707342401,0.05352537185396705,0.07876949329211604,0.146755170640923,-0.01191289921908852,0.0001786898582516027,0.22270711727031017,228.17387663914843,3.1412189199158873,3.1312189199158875,0.009999999999999787,63161.52826639483,37504.922886294946,True
0.8130000000000001,2.759644181543967,11.98369925100706,1.1236657218584505,-0.0920307370488313,0.0016505322031774442,-0.05074069896667585,0.05462539201930045,0.07875192194883296,0.14703211082831605,-0.01191343482267156,0.00021366239645393214,0.22295685229485288,228.42974187318728,3.1412189199158873,3.1312189199158875,0.009999999999999787,63067.904503652804,37461.615294849835,True
0.8140000000000001,2.763038577831229,11.998439348486773,1.1234940708529388,-0.09184344974480024,0.0019178131285719838,-0.050396847062681376,0.05572549714627189,0.07873117790957859,0.14731520330629966,-0.011913882053410561,0.0002487776698041822,0.2232143087416689,228.6935180661342,3.1412189199158873,3.1312189199158875,0.009999999999999787,62974.02380578992,37417.288047526126,True
0.8150000000000001,2.766432974118491,12.013179445966488,1.1233235902963223,-0.09165242814214747,0.0021850182235977466,-0.050051069359668555,0.05682566010625624,0.07870723840227942,0.14760442049159328,-0.011914232705424391,0.0002840384713120882,0.2234794483157592,228.96516598296844,3.1412189199158873,3.1312189199158875,0.009999999999999787,62879.89041521787,37371.942209712135,True
0.8160000000000001,2.769827370405753,12.0279195434462,1.1231542866604585,-0.0914576720909631,0.0024521366027014475,-0.04970340426338416,0.057925853518396436,0.07868008049967905,0.1478997333575974,-0.01191447836288058,0.0003194475414447019,0.22375223072085473,229.24464433827424,3.1412189199158873,3.1312189199158875,0.009999999999999787,62785.508645657676,37325.578937025086,True
0.8170000000000001,2.773221766693015,12.042659640925914,1.12298616628615,-0.0912591815347185,0.002719157302243736,-0.04935389058713266,0.05902604974126278,0.0786496811203169,0.14820111144334847,-0.011914610403057763,0.0003550075656610877,0.2240326136882876,229.5319098258208,3.1412189199158878,3.131218919915888,0.009999999999999787,62690.88288261246,37278.19947669902,True
0.8180000000000001,2.776616162980277,12.057399738405628,1.1228192353817592,-0.09105695651116526,0.002986069279977399,-0.04900256755170512,0.06012622086435141,0.07861601702960926,0.14850852286289967,-0.011914619999523432,0.0003907211719603076,0.22432055300653359,229.82691714883003,3.141218919915887,3.131218919915887,0.009999999999999787,62596.017583835644,37229.80516900632,True
0.8190000000000001,2.780010559267539,12.072139835885341,1.122653500021827,-0.09085099715326325,0.003252861414529547,-0.04864947478519386,0.061226338699425384,0.07857906484103629,0.14882193431514865,-0.011914498125427607,0.00042659092844415746,0.22461600255140549,230.12961905091103,3.1412189199158873,3.1312189199158875,0.009999999999999787,62500.91727979717,37180.397448712116,True
0.8200000000000001,2.7834049555548006,12.086879933365054,1.1224889661456892,-0.09064130369013816,0.0035195225048882013,-0.04829465232268758,0.06232637477169681,0.07853880101743857,0.1491413110940355,-0.011914235556905272,0.00046261934089579504,0.22491891431678543,230.43996634754663,3.1412189199158873,3.1312189199158875,0.009999999999999787,62405.586574144894,37129.97784656318,True
0.8210000000000001,2.786799351842063,12.101620030844769,1.122325639556097,-0.09042787644806938,0.003786041269893268,-0.04793814060584287,0.06342630031084871,0.07849520187242663,0.14946661709912434,-0.011913822876587658,0.0004988088503755018,0.2252292384458669,230.75790795810252,3.141218919915887,3.131218919915887,0.009999999999999787,62310.03014416298,37078.5479908112,True
0.8220000000000001,2.7901937481293246,12.116360128324482,1.122163525917837,-0.0902107158515087,0.004052406347732402,-0.04757998048232616,0.06452608624189585,0.07844824357190744,0.14979781484652602,-0.011913250477217939,0.0005351618308347194,0.22554692326282663,231.08339093827652,3.141218919915886,3.131218919915886,0.009999999999999787,62214.25274122553,37026.10960877176,True
0.8230000000000001,2.793588144416587,12.131100225804197,1.1220026307563549,-0.08998982242413009,0.004318606295442681,-0.047220213205120036,0.06562570317588728,0.07839790213573142,0.1501348654801306,-0.011912508565367706,0.0005716805867495203,0.22587191530485676,231.41636051291695,3.141218919915885,3.1312189199158853,0.009999999999999787,62118.25919124606,36972.664528419,True
0.8240000000000001,2.7969825407038487,12.14584032328391,1.1218429594563801,-0.0897651967899116,0.00458462958841749,-0.04685888043169135,0.06672512140044765,0.07834415343946398,0.15047772878314264,-0.011911587165252703,0.0006083673507745154,0.22620415935451205,231.7567601091639,3.1412189199158846,3.131218919915885,0.009999999999999787,62022.054395122155,36918.21468001709,True
0.8250000000000001,2.8003769369911105,12.160580420763623,1.1216845172605554,-0.08953683967424922,0.004850464619920216,-0.046496024223013625,0.0678243108701593,0.07828697321628551,0.15082636318987785,-0.011910476122643385,0.0006452242814183365,0.22654359847229363,232.1045313898329,3.141218919915883,3.131218919915883,0.009999999999999787,61925.643329174854,36862.762097788866,True
0.8260000000000001,2.8037713332783727,12.175320518243337,1.1215273092680684,-0.08930475190510422,0.005116099700604246,-0.046131687042435435,0.068923241196782,0.07822633705902376,0.15118072579779387,-0.011909165108867128,0.0006822534607415362,0.22689017402940134,232.4596142869711,3.141218919915881,3.1312189199158813,0.009999999999999787,61829.031045582924,36806.30892162262,True
0.8270000000000001,2.8071657295656345,12.190060615723048,1.1213713404332881,-0.08906893441418337,0.005381523058040041,-0.04576591175440047,0.07002188163931887,0.07816222042232275,0.15154077237975472,-0.011907643624900897,0.000719456892078001,0.22724382574062849,232.82194703555956,3.141218919915878,3.131218919915878,0.009999999999999787,61732.22267281112,36748.85739881727,True
0.8280000000000001,2.8105601258528963,12.204800713202761,1.1212166155644057,-0.08882938823815364,0.005646722836250235,-0.0453987416229943,0.07112020109391676,0.07809459862495254,0.1519064573964664,-0.011905901005548454,0.0007568364977806861,0.22760449169728358,233.19146620724314,3.1412189199158727,3.131218919915873,0.009999999999999787,61635.22341603258,36690.409885867026,True
0.8290000000000001,2.8139545221401585,12.219540810682476,1.1210631393220811,-0.08858611451989108,0.005911687095252393,-0.045030220310329494,0.07221816808361341,0.07802344685226373,0.15227773400909186,-0.011903926423701593,0.0007943941169925601,0.2279721084001282,233.56810674407674,3.141218919915867,3.131218919915867,0.009999999999999787,61538.038557545,36630.968850285826,True
0.8300000000000001,2.8173489184274203,12.234280908162189,1.1209109162180941,-0.08833911450976517,0.006176403810610441,-0.04466039187475623,0.07331575074792512,0.0779487401587916,0.15265455409200362,-0.011901708894681211,0.0008321315034435773,0.22834661079224866,233.9518019922041,3.141218919915859,3.131218919915859,0.009999999999999787,61440.67345717931,36570.53687247283,True
0.8310000000000001,2.8207433147146825,12.249021005641904,1.1207599506140038,-0.08808838956695822,0.006440860872995462,-0.04428930076888944,0.07441291683228081,0.07787045347101347,0.1530368682456608,-0.011899237280655844,0.0008700503232745348,0.22872793229181368,234.34248373541934,3.1412189199158482,3.1312189199158484,0.009999999999999787,61343.13355270222,36509.11664761874,True
0.8320000000000001,2.8241377110019443,12.263761103121617,1.1206102467198125,-0.08783394116082152,0.00670504608775568,-0.04391699183745122,0.07550963367729768,0.07778856159026476,0.1534246258095742,-0.01189650029513414,0.0009081521528884039,0.2291160048246523,234.74008222854468,3.1412189199158327,3.131218919915833,0.009999999999999787,61245.42436021028,36446.710987654806,True
0.833,2.8275321072892057,12.278501200601328,1.1204618085927023,-0.08757577087224457,0.006968947174509821,-0.04354351031485635,0.07660586820769279,0.07770303919577817,0.15381777487520765,-0.011893486507514369,0.0009464384768308303,0.2295107588563328,235.14452623029675,3.1412189199158624,3.1312189199158627,0.009999999999999787,61147.551474532105,36383.322823227296,True
0.834,2.830926503576468,12.293241298081043,1.1203146401354986,-0.08731388039516537,0.007232551766693597,-0.043168901822871496,0.07770158692199557,0.0776138608480656,0.15421626229956817,-0.011890184347769214,0.0009849106856958845,0.22991212342519748,235.55574303713234,3.141218919915863,3.131218919915863,0.009999999999999787,61049.52056955316,36318.95520579105,True
0.835,2.8343208998637297,12.307981395560756,1.120168745095646,-0.08704827153793192,0.007495847411220723,-0.04279321236758127,0.07879675588040025,0.07752100099215722,0.15462003371768487,-0.011886582111077727,0.00102357007406814,0.23032002617285866,235.97365851449288,3.1412189199158638,3.131218919915864,0.009999999999999787,60951.33739865528,36253.611309611915,True
0.836,2.837715296150992,12.32272149304047,1.1200241270637405,-0.08677894622486951,0.007758821568063037,-0.042416488336579586,0.07989134069401244,0.07742443396130058,0.15502903355613104,-0.011882667962628487,0.0010624178384889369,0.23073439337631185,236.39819712970598,3.1412189199158647,3.131218919915865,0.009999999999999787,60853.00779503599,36187.294433935764,True
0.837,2.8411096924382537,12.337461590520183,1.1198807894722782,-0.08650590649781194,0.008021461609884694,-0.042038776495735064,0.08098530651324672,0.07732413398071372,0.15544320504605333,-0.011878429942434205,0.0011014550754560428,0.2311551499787003,236.82928198350504,3.1412189199158655,3.1312189199158658,0.009999999999999787,60754.53767206837,36120.00800514863,True
0.838,2.8445040887255155,12.352201687999896,1.1197387355943744,-0.08622915451768437,0.008283754821682275,-0.041660123985777994,0.08207861801622354,0.07722007517154782,0.1558624902362919,-0.011873855970216394,0.001140682779454467,0.23158221961982195,237.26683484128526,3.1412189199158655,3.1312189199158658,0.009999999999999787,60655.93302364129,36051.75557899287,True
0.839,2.8478984850127778,12.36694178547961,1.1195979685425006,-0.08594869256612671,0.00854568840043855,-0.04128057831864166,0.08317123939701039,0.07711223155504082,0.15628683000641916,-0.011868933850343872,0.001180101841018929,0.23201552466607803,237.7107761637871,3.1412189199158664,3.1312189199158666,0.009999999999999787,60557.19992449024,35982.54084283034,True
0.84,2.8512928813000396,12.381681882959324,1.1194584912672294,-0.08566452304715655,0.008807249454790687,-0.040900187373565836,0.08426313435373056,0.077000577056867,0.15671616407974065,-0.011863651276827456,0.001219713044828931,0.23245498623989766,238.1610251372434,3.141218919915865,3.1312189199158653,0.009999999999999787,60458.34453051612,35912.367617953634,True
0.841,2.8546872775873013,12.396421980439037,1.119320306555994,-0.08537664848887319,0.009068425004713457,-0.04051899939295204,0.08535426607654684,0.07688508551168954,0.15715043103620352,-0.011857995838365849,0.001259517067836639,0.23290052424856458,238.61749970291356,3.141218919915866,3.131218919915866,0.009999999999999787,60359.37307909257,35841.23986194611,True
0.842,2.8580816738745636,12.411162077918751,1.1191834170318642,-0.08508507154520241,0.009329201981218359,-0.040137062977962434,0.08644459723550796,0.07676573066791799,0.1575895683252235,-0.011851955023442513,0.001299514477428271,0.23335205741242637,239.0801165859853,3.141218919915866,3.131218919915866,0.009999999999999787,60260.29188936199,35769.16167109074,True
0.843,2.8614760701618254,12.425902175398463,1.1190478251523357,-0.0847897949976828,0.00958956722606907,-0.03975442708385214,0.08753408996826956,0.07664248619267805,0.15803351227838783,-0.011845516225469666,0.0013397057296192032,0.23380950329242703,239.54879132378306,3.141218919915866,3.131218919915866,0.009999999999999787,60161.10736251849,35696.1372828294,True
0.844,2.864870466449087,12.440642272878176,1.1189135332081361,-0.08449082175729379,0.009849507491514536,-0.03937114101503042,0.08862270586769616,0.07651532567699781,0.15848219812204384,-0.011838666747979131,0.0013800911672834854,0.23427277831695564,240.0234382932757,3.1412189199158655,3.1312189199158658,0.009999999999999787,60061.82598207765,35622.17107827279,True
0.845,2.8682648627363494,12.45538237035789,1.1187805433220497,-0.0841881548663261,0.010109009440039642,-0.038987254419844075,0.0897104059693449,0.0763842226412162,0.15893555998975925,-0.011831393809858249,0.001420671018418093,0.23474179780797874,240.50397073785027,3.141218919915865,3.1312189199158653,0.009999999999999787,59962.45431413345,35547.26758476164,True
0.846,2.871659259023611,12.470122467837603,1.1186488574477584,-0.08388179750029505,0.010368059644134665,-0.03860281728507269,0.09079715073883807,0.07624915054061863,0.15939353093462713,-0.011823684550628112,0.001461445394442276,0.23521647600641368,240.9903007933084,3.1412189199158655,3.1312189199158658,0.009999999999999787,59862.99900760032,35471.43147848048,True
0.847,2.8750536553108734,12.484862565317318,1.118518477368703,-0.08357175296989651,0.010626644586084612,-0.03821787993012755,0.09188290005912922,0.07611008277130508,0.1598560429414169,-0.011815526035763269,0.0015024142885325556,0.23569672609672734,241.48233951306858,3.141218919915865,3.1312189199158653,0.009999999999999787,59763.46679444062,35394.66758712407,True
0.848,2.878448051598135,12.499602662797031,1.1183894046969642,-0.08325802472300661,0.010884750657778318,-0.03783249300095044,0.0929676132176675,0.07596699267629618,0.1603230269385625,-0.011806905262051684,0.0015435775739936677,0.23618246023074063,241.97999689255525,3.1412189199158647,3.131218919915865,0.009999999999999787,59663.86448987718,35316.9808926174,True
0.849,2.881842447885397,12.514342760276744,1.118261640872165,-0.08294061634672495,0.011142364160539257,-0.03744670746359622,0.09405124889346686,0.07581985355188237,0.16079441280997503,-0.011797809162993096,0.0015849350026659965,0.23667358955060694,242.48318189274107,3.141218919915864,3.1312189199158644,0.009999999999999787,59564.19899258926,35238.37653389031,True
0.85,2.8852368441726592,12.529082857756459,1.118135187160396,-0.08261953156946193,0.011399471304977885,-0.037060574597503095,0.09513376514408885,0.07566863865422144,0.1612701294066743,-0.011788224614234783,0.0016264862033697747,0.23717002421095892,242.99180246283748,3.1412189199158624,3.1312189199158627,0.009999999999999787,59464.4772848929,35158.85980970654,True
0.851,2.888631240459921,12.543822955236172,1.118010044653163,-0.08229477426307065,0.011656058210866935,-0.036674145988429975,0.0962151193925391,0.07551332120619027,0.16175010455822864,-0.011778138439043196,0.0016682306803865138,0.23767167340018858,243.50576556209705,3.1412189199158616,3.1312189199158618,0.009999999999999787,59364.70643290347,35078.43618154892,True
0.852,2.892025636747183,12.558563052715884,1.117886214266359,-0.08196634844502285,0.011912110907040634,-0.03628747352106094,0.09729526841409353,0.07535387440449527,0.16223426508401254,-0.0117675374138114,0.0017101678119782495,0.23817844536087043,244.02497718073812,3.1412189199158598,3.13121891991586,0.009999999999999787,59264.893586680315,34997.11127656064,True
0.853,2.895420033034445,12.5733031501956,1.1177636967392648,-0.08163425828063026,0.012167615331318177,-0.03590060937126526,0.09837416832305271,0.07519027142704786,0.16272253680425106,-0.011756408273599497,0.0017522968489446867,0.23869024740928507,244.5493423599474,3.1412189199158562,3.1312189199158564,0.009999999999999787,59165.0459803539,34914.89089054328,True
0.854,2.898814429321707,12.588043247675312,1.1176424926335717,-0.08129850808531072,0.012422557330452784,-0.03551360599800956,0.0994517745594429,0.07502248544060916,0.1632148445508785,-0.011744737717709236,0.0017946169132190485,0.23920698595406747,245.07876521098615,3.1412189199158513,3.1312189199158516,0.009999999999999787,59065.170932232824,34831.78099101267,True
0.855,2.902208825608969,12.602783345155027,1.1175226023324365,-0.08095910232689962,0.01267692266010744,-0.03512651613490087,0.10052804187565628,0.07485048960871074,0.1637111121781793,-0.011732512415289961,0.001837126996502815,0.23972856651392815,245.6131489333464,3.141218919915846,3.131218919915846,0.009999999999999787,58965.27584489175,34747.78772031261,True
0.856,2.905603221896231,12.61752344263474,1.1174040260395721,-0.08061604562799515,0.012930696984852694,-0.03473939278129869,0.10160292432300362,0.07467425709986393,0.16421126257319726,-0.011719719010972334,0.001879825958938809,0.2402548937343709,246.1523958318789,3.1412189199158576,3.1312189199158578,0.009999999999999787,58865.368205238985,34662.91739878176,True
0.857,2.9089976181834927,12.632263540114453,1.1172867637783301,-0.0802693427684003,0.013183865878214292,-0.034352289193373076,0.102676375238477,0.07449376109601555,0.16471521766612782,-0.011706344130554247,0.001922712527829559,0.24078587140402982,246.69640733353128,3.1412189199158576,3.1312189199158578,0.009999999999999787,58765.455584561045,34577.17652800488,True
0.858,2.912392014470755,12.647003637594167,1.1171708153908861,-0.0799189986875192,0.013436414822712739,-0.03396525887419131,0.1037483472310437,0.07430897480136463,0.16522289844015,-0.011692374386677537,0.001965785296386545,0.24132140246910586,247.24508400213895,3.1412189199158576,3.1312189199158578,0.009999999999999787,58665.54563854892,34490.57179407886,True
0.859,2.9157864107580167,12.661743735073879,1.1170561805373955,-0.07956501848688083,0.01368832920996593,-0.033578355563940204,0.10481879216832743,0.07411987145141283,0.1657342249413764,-0.011677796384569858,0.002009042722528859,0.24186138904777213,247.798325553184,3.141218919915857,3.1312189199158573,0.009999999999999787,58565.6461072989,34403.11007097895,True
0.86,2.9191808070452785,12.676483832553592,1.1169428586952093,-0.07920740743267181,0.013939594340808933,-0.03319163322951002,0.10588766116310815,0.07392642432234336,0.1662491162884717,-0.011662596727800798,0.002052483127719825,0.24240573244327726,248.35603086722014,3.141218919915857,3.1312189199158573,0.009999999999999787,58465.76481529037,34314.79842396824,True
0.861,2.9225752033325407,12.691223930033306,1.1168308491581245,-0.07884617095832148,0.014190195425448296,-0.032805146053714325,0.10695490455986285,0.0737286067407012,0.16676749068208194,-0.011646762024068313,0.0020961046958460627,0.24295433315619264,248.91809800242072,3.1412189199158576,3.1312189199158578,0.009999999999999787,58365.90967134071,34225.64411307066,True
0.862,2.9259695996198025,12.70596402751302,1.1167201510356695,-0.07848131466713289,0.014440117583649744,-0.03241894842409049,0.10802047192132401,0.07352639209338432,0.16728926541409317,-0.011630278891015169,0.0021399054721394865,0.243507090895767,249.4844242062119,3.141218919915857,3.1312189199158573,0.009999999999999787,58266.08866853426,34135.65459660602,True
0.863,2.9293639959070643,12.720704124992732,1.1166107632524285,-0.07811284433495869,0.014689345844960655,-0.0320330949212778,0.10908431201507411,0.07331975383795039,0.16781435687668236,-0.011613133962071915,0.002183883362142362,0.2440639045903655,250.0549059259681,3.1412189199158576,3.1312189199158578,0.009999999999999787,58166.30988412603,34044.83753478637,True
0.864,2.9327583921943265,12.735444222472447,1.1165026845474066,-0.07774076591292312,0.014937865148967746,-0.03164764030696288,0.11014637280018306,0.0731086655132439,0.16834268057121357,-0.011595313892329592,0.002228036130716569,0.2446246723970358,250.6294388188127,3.141218919915857,3.1312189199158573,0.009999999999999787,58066.58147941896,33953.20079337453,True
0.865,2.9361527884815883,12.75018431995216,1.116395913473437,-0.07736508553018916,0.015185660345591392,-0.03126263951138516,0.11120660141390315,0.07289310075034855,0.16887415111693835,-0.011576805364438456,0.002272361401097167,0.24518929171017237,251.20791776049526,3.141218919915857,3.1312189199158573,0.009999999999999787,57966.911699614044,33860.75244740485,True
0.866,2.9395471847688506,12.764924417431875,1.1162904483966292,-0.07698580949677018,0.015432716195418002,-0.030878147620395237,0.11226494415843866,0.07267303328386863,0.16940868225955283,-0.011557595094535529,0.0023168566539916056,0.2457576591693289,251.79023685339556,3.1412189199158567,3.131218919915857,0.009999999999999787,57867.30887363205,33767.50078496613,True
0.867,2.9429415810561124,12.779664514911588,1.116186287495865,-0.07660294430638726,0.01567901737007079,-0.0304942198620587,0.1133213464877991,0.07244843696354437,0.16994618687958407,-0.01153766983819848,0.0023615192267247118,0.2463296706661596,252.37628943363532,3.141218919915857,3.1312189199158573,0.009999999999999787,57767.78141390668,33673.45431104728,True
0.868,2.946335977343374,12.7944046123913,1.1160834287623378,-0.07621649663936995,0.015924548452620972,-0.030110911592800882,0.11437575299475722,0.07221928576620455,0.17048657700064515,-0.011517016396427509,0.00240634631243077,0.24690522135053367,252.96596807734272,3.141218919915857,3.1312189199158573,0.009999999999999787,57668.3378161477,33578.621751445244,True
0.869,2.9497303736306364,12.809144709871015,1.1159818699991422,-0.07582647336560203,0.016169293938039876,-0.02972827828307674,0.11542810739791833,0.07198555380806171,0.17102976379754398,-0.011495621621653513,0.0024513349592930325,0.24748420563580706,253.5591646060537,3.141218919915857,3.1312189199158573,0.009999999999999787,57568.986659074006,33483.01205673523,True
0.87,2.953124769917898,12.823884807350728,1.1158816088209114,-0.07543288154751043,0.016413238233693287,-0.029346375502572214,0.11647835252892652,0.071747215357352,0.1715756576042787,-0.011473472423773794,0.00249648206983185,0.24806651720330217,254.15577009130146,3.141218919915857,3.1312189199158573,0.009999999999999787,57469.7366041147,33386.63440630344,True
0.871,2.95651916620516,12.838624904830441,1.1157826426535058,-0.07503572844309725,0.016656365659879647,-0.028965258904923026,0.11752643031982125,0.07150424484732397,0.17212416792191967,-0.011450555776214328,0.0025417844002421776,0.24865204900599633,254.7556748583955,3.141218919915857,3.1312189199158573,0.009999999999999787,57370.59639507802,33289.49821244177,True
0.872,2.959913562492422,12.853365002310156,1.1156849687337556,-0.07463502150901484,0.01689866045041262,-0.028584984211938273,0.11857228179055215,0.07125661688958071,0.17267520342638953,-0.011426858722018476,0.002587238559781249,0.24924069327143017,255.35876848940157,3.1412189199158567,3.131218919915857,0.009999999999999787,57271.57485778738,33191.61312450415,True
0.873,2.963307958779684,12.868105099789869,1.1155885841092559,-0.07423076840368269,0.01714010675324956,-0.028205607197342622,0.11961584703668957,0.07100430628777571,0.17322867197616654,-0.011402368379962712,0.0026328410102075973,0.2498323415038918,255.9649398253792,3.1412189199158562,3.1312189199158564,0.009999999999999787,57172.68089968301,33092.98903312428,True
0.874,2.9667023550669462,12.882845197269583,1.11549348563822,-0.07382297699044553,0.017380688631167387,-0.02782718367000639,0.12065706521732661,0.07074728805166838,0.17378448061991406,-0.011377071950698432,0.002678588065272281,0.2504268844858603,256.57407696786083,3.1412189199158553,3.1312189199158555,0.009999999999999787,57073.92350938894,32993.6360744941,True
0.875,2.970096751354208,12.897585294749296,1.1153996699893876,-0.07341165534077258,0.017620390062486318,-0.02744976945668346,0.12169587454321057,0.07048553741153916,0.17434253560406002,-0.011350956722920382,0.002724475890263363,0.25102421227876925,257.1860672796339,3.1412189199158553,3.1312189199158555,0.009999999999999787,56975.31175624365,32893.56463470264,True
0.876,2.97349114764147,12.912325392229008,1.1153071336419884,-0.07299681173749387,0.017859194941836392,-0.027073420384182072,0.12273221226511964,0.07021902983298448,0.17490274238033868,-0.011324010079560817,0.00277050050160369,0.25162421422306064,257.8007973847963,3.1412189199158562,3.1312189199158564,0.009999999999999787,56876.85478979143,32792.78535413394,True
0.877,2.976885543928732,12.927065489708722,1.115215872885796,-0.07257845467808609,0.018097087081005325,-0.02669819226122288,0.12376601466245932,0.06994774103200717,0.17546500561328257,-0.0112962195040091,0.0028166577665083223,0.2522267789376928,258.41815316825205,3.1412189199158562,3.1312189199158564,0.009999999999999787,56778.56183924925,32691.309131923903,True
0.878,2.980279940215994,12.941805587188435,1.1151258838211908,-0.0721565928779788,0.018334050209785138,-0.02632414085944488,0.12479721703221573,0.06967164699059245,0.17602922918776723,-0.011267572586358387,0.0028629434026913245,0.2528317943188847,259.0380197744248,3.1412189199158562,3.1312189199158564,0.009999999999999787,56680.44221291157,32589.147130474288,True
0.879,2.9836743365032556,12.956545684668148,1.1150371623593363,-0.07173123527391306,0.01857006797691853,-0.025951321894174963,0.1258257536781456,0.06939072397254831,0.17659531621650895,-0.011238057029675681,0.002909352978136439,0.25343914753839125,259.6602816054909,3.1412189199158562,3.1312189199158564,0.009999999999999787,56582.505297536256,32486.31078002331,True
0.88,2.987068732790518,12.971285782147863,1.1149497042223997,-0.0713023910273295,0.01880512395107942,-0.025579791004549317,0.1268515579003189,0.0691049485397596,0.17716316904762894,-0.011207660656298352,0.002955881910924191,0.25404872504118,260.2848223189989,3.1412189199158567,3.131218919915857,0.009999999999999787,56484.760557681206,32382.811783271023,True
0.881,2.9904631290777797,12.986025879627576,1.114863504943845,-0.07087006952779273,0.01903920162191273,-0.025209603733129027,0.12787456198500421,0.06881429756880326,0.17773268927224883,-0.011176371414154214,0.003002525469119451,0.254660412542583,260.91152482495175,3.141218919915856,3.131218919915856,0.009999999999999787,56387.21753500085,32278.662120058663,True
0.882,2.9938575253650415,13.000765977107289,1.1147785598687954,-0.0704342803964489,0.01927228440113145,-0.02484081550498492,0.1288946971949244,0.06851874826793246,0.17830377773216174,-0.011144177383106035,0.0030492787707206365,0.2552740950249623,261.54027128239017,3.1412189199158567,3.131218919915857,0.009999999999999787,56289.88584750054,32173.874052099414,True
0.883,2.9972519216523037,13.015506074587003,1.11469486415447,-0.06999503348951618,0.019504355623671806,-0.024473481606248758,0.12991189375990322,0.06821827819443031,0.1788763345275891,-0.011111066781319501,0.003096136783671678,0.2558896567339129,262.1709430955025,3.1412189199158567,3.131218919915857,0.009999999999999787,56192.775188748135,32068.460127759325,True
0.884,3.0006463179395655,13.030246172066716,1.1146124127706913,-0.06955233890180622,0.01973539854890781,-0.024107657162137006,0.13092608086793323,0.06791286527233065,0.17945025902504266,-0.011077027971653925,0.003143094325938089,0.2565069811740465,262.803420909305,3.1412189199158562,3.1312189199158564,0.009999999999999787,56095.89532704088,31962.43318688631,True
0.885,3.0040407142268277,13.044986269546431,1.1145312005004702,-0.06910620697027473,0.01996539636192701,-0.023743397114437313,0.13193718665668394,0.06760248781050598,0.18002544986531244,-0.011042049468074855,0.0031901460656486,0.2571259511043809,263.43758460491796,3.1412189199158562,3.1312189199158564,0.009999999999999787,55999.256104527754,31855.806365684515,True
0.886,3.0074351105140895,13.059726367026144,1.1144512219406668,-0.06865664827760097,0.02019433217486775,-0.02338075619846047,0.13294513820547532,0.06728712452112108,0.1806018049716142,-0.011006119942088902,0.003237286521303889,0.25774644853338474,264.07331329448914,3.141218919915856,3.131218919915856,0.009999999999999787,55902.867436285465,31748.59310163232,True
0.887,3.0108295068013513,13.074466464505857,1.1143724715027317,-0.0682036736557926,0.020422189028320166,-0.023019788919466554,0.1339498615277492,0.06696675453844786,0.18117922155788305,-0.010969228229197379,0.0032845100620533616,0.25836835471369546,264.7104853157816,3.1412189199158562,3.1312189199158564,0.009999999999999787,55806.739309347664,31640.807138440385,True
0.888,3.0142239030886135,13.089206561985572,1.1142949434135274,-0.06774729418981598,0.020648949892791296,-0.02266054952855566,0.1349512815640571,0.06664135743804103,0.18175759613728742,-0.010931363335371333,0.0033318109080422847,0.25899155013658004,265.3489782264988,3.1412189199158567,3.131218919915857,0.009999999999999787,55710.88178168673,31532.46253104724,True
0.889,3.0176182993758753,13.103946659465285,1.1142186317162335,-0.06728752122124929,0.020874597670235986,-0.022303091998031037,0.13594932217559272,0.06631091325627059,0.18233682453092542,-0.01089251444354301,0.0033791831308297555,0.25961591452613325,265.98866879834014,3.1412189199158567,3.131218919915857,0.009999999999999787,55615.304981146706,31423.573650649156,True
0.89,3.021012695663137,13.118686756944998,1.114143530271334,-0.06682436635195611,0.021099115195654897,-0.021947469996237444,0.13694390613829996,0.06597540251020588,0.18291680187677914,-0.010852670920115864,0.0034266206538800317,0.2602413268332986,266.62943301087563,3.1412189199158567,3.131218919915857,0.009999999999999787,55520.01910432625,31314.15518976066,True
0.891,3.0244070919503994,13.133426854424712,1.114069632757694,-0.06635784144777854,0.021322485238760343,-0.02159373686188005,0.137934955137582,0.06563480621784815,0.18349742263890614,-0.010811822321489185,0.003474117253127895,0.2608676652297177,267.2711460452437,3.1412189199158576,3.1312189199158578,0.009999999999999787,55425.03441541181,31204.222167301756,True
0.892,3.027801488237661,13.148166951904425,1.1139969326737225,-0.06588795864224707,0.0215446905057114,-0.021241945577827014,0.1389223897636376,0.0652891059187056,0.18407858061692378,-0.010769958400597877,0.003521666557620253,0.26149480710147455,267.9136822777423,3.1412189199158593,3.1312189199158595,0.009999999999999787,55330.361244959335,31093.789933707732,True
0.893,3.031195884524923,13.162907049384136,1.1139254233386253,-0.06541473034030496,0.021765713640919747,-0.020892148744394698,0.13990612950745404,0.06493828369470588,0.18466016895578813,-0.01072706911346453,0.003569262050235264,0.2621226290427546,268.5569152733322,3.1412189199158607,3.131218919915861,0.009999999999999787,55236.00998862355,30982.874176057347,True
0.894,3.034590280812185,13.177647146863851,1.1138550978937494,-0.0649381692220452,0.021985537228926676,-0.020544398552138663,0.14088609275748828,0.06458232219143807,0.18524208015588814,-0.010683144625761962,0.0036168970684803707,0.2627510068494737,269.2007177791097,3.1412189199158633,3.1312189199158635,0.009999999999999787,55141.991105834226,30871.490923214198,True
0.895,3.037984677099447,13.192387244343564,1.1137859493040156,-0.06445828824645916,0.022204143796349343,-0.020198746754130432,0.14186219679708093,0.0642212046397258,0.18582420608351843,-0.010638175319387067,0.0036645648053711803,0.2633798155129452,269.8449617178179,3.1412189199158647,3.131218919915865,0.009999999999999787,55048.31511841736,30759.656550977208,True
0.896,3.041379073386709,13.207127341823279,1.113717970359463,-0.0639751006551881,0.022421515813911858,-0.0198552446377785,0.14283435780255518,0.0638549148774932,0.18640643798165593,-0.01059215179903704,0.0037122583103932068,0.2640089292135323,270.4895181813436,3.141218919915865,3.1312189199158653,0.009999999999999787,54954.99260916686,30647.387787230127,True
0.897,3.044773469673971,13.221867439302992,1.1136511536768725,-0.0634886199762846,0.02263763569853975,-0.019513942996142244,0.14380249084215177,0.0634834373719593,0.18698866648118972,-0.010545064898795033,0.0037599704905469686,0.26463822131447173,271.1342574243893,3.1412189199158647,3.131218919915865,0.009999999999999787,54862.034220355505,30534.701717091073,True
0.898,3.048167865961233,13.236607536782705,1.1135854917014911,-0.06299886002797468,0.022852485815532873,-0.019174892098777967,0.14476650987575326,0.06310675724212576,0.18757078161253746,-0.010496905688716513,0.003807694111478548,0.2652675643558092,271.7790488582596,3.141218919915864,3.1312189199158644,0.009999999999999787,54769.45065219037,30421.61578805138,True
0.899,3.051562262248495,13.25134763426242,1.1135209767088612,-0.06250583492241903,0.02306604848081744,-0.01883814166213791,0.14572632775542943,0.06272486028154614,0.1881526728177082,-0.010447665481416136,0.003855421798697911,0.26589683004853254,272.42376104485055,3.141218919915864,3.1312189199158644,0.009999999999999787,54677.25266121304,30308.14781509673,True
0.9,3.054956658535757,13.266087731742132,1.1134576008067498,-0.06200955906947146,0.02327830596327467,-0.018503740819522902,0.14668185622685348,0.06233773298137307,0.18873422896280767,-0.010397335838651227,0.003903146038885505,0.2665258892689283,273.06826169086753,3.141218919915865,3.1312189199158653,0.009999999999999787,54585.4510586421,30194.31598580402,True
0.901,3.0583510548230186,13.280827829221845,1.1133953559371779,-0.061510047180430405,0.023489240487148396,-0.018171738090601318,0.14763300593161252,0.06194536255366967,0.18931533835104272,-0.010345908577900811,0.00395085918128966,0.26715461205323365,273.7124176423461,3.141218919915864,3.1312189199158644,0.009999999999999787,54494.05670865609,30080.138865406716,True
0.902,3.061745451110281,13.29556792670156,1.1133342338785568,-0.06100731427178154,0.023698834234531944,-0.017842181350513745,0.14857968641044256,0.061547736954972496,0.18989588873621194,-0.010293375778935387,0.003998553439215549,0.26778286759260306,274.35609487949495,3.1412189199158647,3.131218919915865,0.009999999999999787,54403.08052661891,29965.63540181887,True
0.903,3.0651398473975426,13.310308024181273,1.1132742262479292,-0.06050137566892791,0.02390706934793541,-0.017515117798578683,0.14952180610741944,0.061144844910092144,0.19047576733673513,-0.01023972979037596,0.00404622089160797,0.26841052422846257,274.9991585119362,3.1412189199158647,3.131218919915865,0.009999999999999787,54312.533477245015,29850.824930610142,True
0.904,3.068534243684805,13.325048121660988,1.1132153245033158,-0.05999224700990346,0.0241139279329344,-0.017190593926612444,0.15045927237513437,0.06073667593613749,0.19105486085022258,-0.010184963236237706,0.004093853484729103,0.26903744944827784,275.64147277436933,3.1412189199158647,3.131218919915865,0.009999999999999787,54222.426572704324,29735.727179921552,True
0.905,3.0719286399720667,13.3397882191407,1.1131575199461723,-0.059479944249068266,0.024319392060900277,-0.016868655486887194,0.1513919914808844,0.060323220366748614,0.19163305546860568,-0.01012906902245507,0.0041414430339326265,0.2696635098817885,276.2829010227137,3.1412189199158647,3.131218919915865,0.009999999999999787,54132.77087066697,29620.362275312116,True
0.906,3.0753230362593285,13.354528316620414,1.1131008037239534,-0.058964483660780026,0.02452344377181335,-0.016549347459745335,0.15231986861391114,0.05990446937652055,0.19221023689387146,-0.010072040343385451,0.004188981225536288,0.27028857129777467,276.923305730795,3.141218919915865,3.1312189199158653,0.009999999999999787,54043.57747228638,29504.75074452558,True
0.907,3.0787174325465907,13.369268414100128,1.113045166832789,-0.05844588184303977,0.02472606507715906,-0.01623271402088797,0.15324280789371186,0.05948041500560324,0.19278629035439326,-0.010013870688286282,0.004236459618793637,0.27091249860137406,277.5625484875969,3.1412189199158647,3.131218919915865,0.009999999999999787,53954.85752012098,29388.91352216586,True
0.908,3.0821118288338525,13.384008511579841,1.112990600120272,-0.05792415572110756,0.024927237962907915,-0.01591879850836247,0.15416071237945467,0.05905105018445852,0.19336110062189124,-0.009954553847762159,0.004283869647966675,0.271535155832014,278.2004899951423,3.1412189199158655,3.1312189199158658,0.009999999999999787,53866.62219599417,29272.871954269074,True
0.909,3.0855062251211143,13.398748609059554,1.1129370942883574,-0.05739932255108366,0.02512694439257992,-0.015607643389276196,0.15507348408053204,0.058616368758753326,0.19393455202905352,-0.00989408392017819,0.004331202624501061,0.2721564061620189,278.83699006706644,3.141218919915866,3.131218919915866,0.009999999999999787,53778.882718791,29156.64780275961,True
0.91,3.0889006214083765,13.413488706539269,1.1128846398963752,-0.0568713999234525,0.025325166310393537,-0.01529929022625238,0.15598102396827082,0.05817636551437316,0.1945065284878074,-0.009832455318033775,0.004378449739304432,0.27277611189590645,279.4719076278959,3.1412189199158678,3.131218919915868,0.009999999999999787,53691.6503421929,29040.26324977652,True
0.911,3.0922950176956383,13.42822880401898,1.1128332273641592,-0.05634040576658501,0.025521885644499656,-0.014993779643660585,0.15688323198883367,0.057731036202532456,0.19507691350828943,-0.009769662774293735,0.0044256020651298085,0.27339413447045224,280.10510071311495,3.141218919915869,3.1312189199158693,0.009999999999999787,53604.93635234928,28923.740901856087,True
0.912,3.0956894139829,13.442968901498693,1.1127828469752876,-0.055806358350194235,0.025717084310301203,-0.014691151293655912,0.1577800070773443,0.0572803775649579,0.19564559021851455,-0.009705701348670876,0.0044726505590649114,0.2740103344555652,280.73642647006216,3.1412189199158718,3.131218919915872,0.009999999999999787,53518.75206548503,28807.103793955834,True
0.913,3.0990838102701623,13.457708998978408,1.1127334888804425,-0.055269276288741793,0.025910744213858132,-0.014391443822033789,0.15867124717324615,0.056824387359128675,0.19621244138476654,-0.009640566433855531,0.004519586065128548,0.27462457155599845,281.3657411596836,3.141218919915877,3.1312189199158773,0.009999999999999787,53433.108825445954,28690.37539330351,True
0.914,3.102478206557424,13.47244909645812,1.112685143100884,-0.05472917854478985,0.02610284725537811,-0.014094694833960046,0.1595568492369416,0.056363064383542015,0.19677734943272868,-0.009574253761686882,0.004566399316975197,0.2752367046139797,281.9929001592275,3.1412189199158846,3.131218919915885,0.009999999999999787,53348.0180011798,28573.57960305517,True
0.915,3.1058726028446864,13.487189193937835,1.1126377995320267,-0.05418608443229949,0.026293375332787815,-0.013800940859582101,0.16043670926776837,0.05589640850299442,0.19734019646940265,-0.009506759409263257,0.004613080940708659,0.27584659161283676,282.617757965959,3.141218919915885,3.1312189199158853,0.009999999999999787,53263.49098414956,28456.740765748276,True
0.916,3.109266999131948,13.501929291417548,1.1125914479471806,-0.05364001361984731,0.02648231034540839,-0.013510217319578657,0.16131072232313673,0.05542442067380753,0.19790086430565743,-0.009438079804972797,0.0046596214578055245,0.27645408968141083,283.24016820168174,3.141218919915885,3.1312189199158853,0.009999999999999787,53179.539185697795,28339.883666514685,True
0.917,3.11266139541921,13.516669388897261,1.1125460780013483,-0.053090986133799076,0.026669634197692416,-0.013222558490653328,0.1621787825392179,0.05494710296904992,0.19845923447974614,-0.009368211734463063,0.004706011288149735,0.27705905509978557,283.8599836186073,3.141218919915885,3.1312189199158853,0.009999999999999787,53096.17403432883,28223.033536064224,True
0.918,3.116055791706472,13.531409486376976,1.1125016792351732,-0.052539022361397326,0.026855328803059915,-0.012937997471033764,0.16304078315288129,0.05446445860365867,0.19901518828150777,-0.009297152346521653,0.004752240753178313,0.2776613433059441,284.47705610617595,3.141218919915886,3.131218919915886,0.009999999999999787,53013.406972937955,28106.21605339256,True
0.919,3.119450187993734,13.546149583856689,1.1124582410789994,-0.05198414305377466,0.027039376087816983,-0.012656566146001883,0.16389661652503834,0.0539764919594614,0.19956860677740004,-0.009224899158871534,0.0047983000791392665,0.2782608089035894,285.09123669906876,3.141218919915885,3.1312189199158853,0.009999999999999787,52931.249455976045,27989.45734820288,True
0.92,3.1228445842809958,13.560889681336402,1.1124157528570469,-0.05142636932888506,0.027221757995159124,-0.01237829515349392,0.1647461741653955,0.053483208610065,0.20011937083634382,-0.009151450063872848,0.004844179400461891,0.2788573056711355,285.7023755864197,3.1412189199158846,3.131218919915885,0.009999999999999787,52849.712946550564,27872.78400301856,True
0.921,3.126238980568258,13.575629778816117,1.112374203791704,-0.050865722674349384,0.027402456489258552,-0.012103213849812763,0.16558934675863127,0.05298461534558113,0.20066736115640602,-0.009076803334125725,0.004889868763240148,0.27945068657192823,286.3103221222872,3.1412189199158846,3.131218919915885,0.009999999999999787,52768.80891346459,27756.22305496322,True
0.922,3.12963337685552,13.59036987629583,1.112333583007935,-0.05030222495020962,0.02758145355943511,-0.011831350275491889,0.1664260241920143,0.052480720197156785,0.20121245829230874,-0.009000957627966424,0.004935358128828943,0.28004080376571894,286.9149248374092,3.141218919915885,3.1312189199158853,0.009999999999999787,52688.54882819346,27639.801997184524,True
0.923,3.133027773142782,13.605109973775544,1.1122938795378057,-0.04973589839158615,0.027758731224410325,-0.011562731121353245,0.16725609558447935,0.05197153246127755,0.20175454268378754,-0.008923911994850714,0.004980637377553808,0.280627508621446,287.51603145229916,3.141218919915885,3.1312189199158853,0.009999999999999787,52608.944161800355,27523.548779896242,True
0.924,3.136422169430044,13.619850071255257,1.11225508232512,-0.04916676561123497,0.027934271536643164,-0.011297381694805358,0.16807944931717295,0.05145706272381147,0.20229349468479477,-0.008845665880617477,0.00502569631253362,0.28121065173135845,288.11348889171563,3.141218919915885,3.1312189199158853,0.009999999999999787,52530.00638179053,27407.491811013722,True
0.925,3.1398165657173056,13.63459016873497,1.1122171802301748,-0.048594849601997496,0.02810805658674728,-0.011035325886418786,0.16889597306548074,0.0509373228837596,0.202829194593564,-0.008766219132625612,0.005070524663616595,0.2817900829265238,288.70714330055097,3.141218919915885,3.1312189199158853,0.009999999999999787,52451.746948905755,27291.65995635461,True
0.926,3.143210962004568,13.649330266214685,1.1121801620346232,-0.048020173739140054,0.02828006850798806,-0.010776586136838306,0.1697055538325497,0.0504123261766776,0.20336152268352775,-0.008685572004756968,0.005115112091428868,0.28236565129376057,289.29684006117975,3.1412189199158855,3.1312189199158857,0.009999999999999787,52374.1773138587,27176.082539378454,True
0.927,3.1466053582918296,13.664070363694398,1.1121440164464544,-0.04744276178257687,0.02845028948085865,-0.01052118340406218,0.17050807798430767,0.049882087197735875,0.2038903592350991,-0.008603725162278265,0.005159448191535466,0.2829372051940238,289.8824238122954,3.141218919915886,3.131218919915886,0.009999999999999787,52297.30891400989,27060.78934043483,True
0.928,3.1499997545790914,13.678810461174109,1.112108732105079,-0.04686263787897099,0.028618701737733697,-0.01026913713115346,0.17130343128599385,0.049346621924378435,0.20441558456831388,-0.008520679686554351,0.005203522498712991,0.28350459228229313,290.4637384692862,3.141218919915887,3.131218919915887,0.009999999999999787,52221.15316998546,26945.81059549195,True
0.929,3.1533941508663537,13.693550558653824,1.112074297586527,-0.04627982656370935,0.02878528756759913,-0.010020465214418278,0.17209149894019704,0.048805947738547815,0.20493707907633307,-0.008436437079605612,0.005247324491333174,0.284067659528981,291.0406272461696,3.1412189199158886,3.131218919915889,0.009999999999999787,52145.72148223967,26831.176994313613,True
0.93,3.1567885471536155,13.708290656133537,1.11204070140875,-0.0456943527627462,0.02895002932085662,-0.009775183972107054,0.17287216562640637,0.04826008344843723,0.2054547232598067,-0.008350999268501984,0.005290843595856525,0.2846262532429044,291.6129326791274,3.141218919915891,3.131218919915891,0.009999999999999787,52071.0252275612,26716.91967805425,True
0.931,3.1601829434408772,13.72303075361325,1.1120079320370324,-0.045106241794308784,0.029112909414201117,-0.009533308113696385,0.17364531554207835,0.047709049309730064,0.2059683977620903,-0.00826436860958556,0.00533406919143481,0.28518021909585195,292.18049665167587,3.141218919915895,3.131218919915895,0.009999999999999787,51997.0757555257,26603.070236238564,True
0.932,3.1635773397281395,13.737770851092964,1.1119759778895009,-0.04451551937046214,0.029273910335569524,-0.009294850709786355,0.17441083244520791,0.047152867046293324,0.2064779834053125,-0.008176547892514638,0.005376990614621207,0.28572940214876114,292.7431604214858,3.141218919915901,3.1312189199159013,0.009999999999999787,51923.88438489482,26489.66070309393,True
0.933,3.1669717360154013,13.752510948572677,1.1119448273427395,-0.04392221159852634,0.02943301464915847,-0.009059823162683556,0.175168599698407,0.04659155987028171,0.20698336122728728,-0.008087540344121139,0.0054195971641866104,0.28627364687955076,293.30076464889794,3.1412189199159117,3.131218919915912,0.009999999999999787,51851.46239996434,26376.72355320055,True
0.934,3.1703661323026635,13.767251046052392,1.1119144687375007,-0.0433263449823412,0.029590205000509566,-0.008828235177714323,0.1759185003144803,0.046025152501614416,0.2074844125192601,-0.007997349632073594,0.005461878106040508,0.2868127972126232,293.8531494271496,3.1412189199159273,3.1312189199159275,0.009999999999999787,51779.82104686185,26264.291696425433,True
0.935,3.1737605285899253,13.781991143532105,1.1118848903845073,-0.04272794642337869,0.029745464121657756,-0.00860009473532447,0.1766604170035078,0.04545367118679081,0.2079810188644966,-0.007905979868339592,0.00550382267825471,0.28734669655009065,294.4001543143673,3.141218919915944,3.1312189199159444,0.009999999999999787,51708.97152979451,26152.398472107303,True
0.936,3.177154924877187,13.796731241011818,1.111856080570347,-0.042127043221692376,0.02989877483634253,-0.008375408064026466,0.17739423222140804,0.04487714371699659,0.20847306217769418,-0.007813435612438422,0.005545420096188073,0.2878751878047333,294.94161836733394,3.1412189199159437,3.131218919915944,0.009999999999999787,51638.92500724971,26041.077642454497,True
0.937,3.1805493211644493,13.811471338491533,1.1118280275635075,-0.04152366307666762,0.030050120065292257,-0.008154179614180081,0.1781198282197449,0.04429559944544838,0.20896042474499926,-0.007719721874462376,0.005586659557706686,0.2883981134343516,295.47738017668445,3.141218919915944,3.1312189199159444,0.009999999999999787,51569.69258816609,25930.36338510172,True
0.9380000000000001,3.183943717451711,13.826211435971246,1.111800719620409,-0.04091783408765878,0.030199482831542303,-0.007936412032819867,0.17883708709734816,0.04370906930398577,0.20944298926514487,-0.0076248441178967934,0.0056275302485050424,0.2889153154784537,296.0072779044936,3.141218919915944,3.1312189199159444,0.009999999999999787,51501.285328034704,25820.290284840128,True
0.9390000000000001,3.187338113738973,13.840951533450959,1.1117741449915808,-0.040309584754408066,0.03034684626582463,-0.007722106139421419,0.17954589085309486,0.04311758581881283,0.20992063889112453,-0.007528808262189804,0.005668021347517336,0.2894266355963031,296.5311493232578,3.1412189199159437,3.131218919915944,0.009999999999999787,51433.71422497716,25710.893324429264,True
0.9400000000000001,3.190732510026235,13.855691630930673,1.1117482919279058,-0.03969894397729336,0.030492193612005152,-0.007511260902740901,0.18024612144014332,0.042521183125380675,0.21039325727266514,-0.0074316206850850355,0.005708122032419994,0.28993191510682925,297.0488318567852,3.1412189199159437,3.131218919915944,0.009999999999999787,51366.99021578106,25602.207874481795,True
0.9410000000000001,3.194126906313497,13.870431728410386,1.1117231486869399,-0.03908594105738972,0.030635508232570094,-0.007303873418769313,0.18093766082153137,0.04191989698236378,0.21086072859943436,-0.00733328822470586,0.0057478214852220095,0.2904309950303221,297.5601626229139,3.141218919915944,3.1312189199159444,0.009999999999999787,51301.12417189854,25494.269682379858,True
0.9420000000000001,3.197521302600759,13.885171825890101,1.1116987035393038,-0.03847060569633899,0.030776773614158353,-0.007099938889854783,0.18162039102710786,0.041313764784689976,0.21132293764493648,-0.007233818181382581,0.0057871088979392134,0.29092371613189694,298.06497847804343,3.141218919915944,3.1312189199159444,0.009999999999999787,51236.12689541007,25387.11486018647,True
0.9430000000000001,3.200915698888021,13.899911923369814,1.111674944775146,-0.03785296799602524,0.030915973373136195,-0.006899450605047385,0.18229419421176163,0.04070282557558666,0.21177976981110186,-0.007133218319216557,0.005825973478349788,0.29140991896675156,298.5631160635031,3.1412189199159446,3.131218919915945,0.009999999999999787,51172.009114957276,25280.779871516275,True
0.9440000000000001,3.2043100951752828,13.914652020849527,1.1116518607106673,-0.03723305845804909,0.03105309126121134,-0.006702399921724623,0.1829589527149149,0.04008712005760064,0.21223111117351356,-0.007031496867372406,0.005864404455826643,0.2918894439271971,299.0544118537373,3.141218919915944,3.1312189199159444,0.009999999999999787,51108.781481645296,25175.301517331234,True
0.9450000000000001,3.207704491462545,13.929392118329242,1.1116294396947084,-0.036610907982998896,0.031188111171082524,-0.006508776248541195,0.18361454912123445,0.039466690602558134,0.2126768485272609,-0.006928662521092084,0.005902391087243179,0.29236213129146005,299.5387022063052,3.1412189199159446,3.131218919915945,0.009999999999999787,51046.454564919106,25070.716920626543,True
0.9460000000000001,3.211098887749807,13.944132215808953,1.1116076701153903,-0.035986547869513816,0.03132101714212098,-0.00631856702977115,0.18426086632252464,0.03884158126042131,0.21311686943339334,-0.006824724442423796,0.005939922662948544,0.2928278212742661,300.01582341370647,3.141218919915944,3.1312189199159444,0.009999999999999787,50985.03884841539,24967.063509974425,True
0.9470000000000001,3.2144932840370686,13.958872313288666,1.1115865404068082,-0.03536000981313416,0.03145179336608024,-0.006131757731079586,0.1848977875807498,0.038211837767008275,0.21355106226591408,-0.006719692260657745,0.005976988512807292,0.29328635407915726,300.4856117569827,3.1412189199159455,3.1312189199159457,0.009999999999999787,50924.54472579334,24864.37900189349,True
0.9480000000000001,3.217887680324331,13.97361241076838,1.1115660390557682,-0.034731325904936536,0.03158042419282996,-0.005948331826786002,0.18552519659214006,0.03757750755053725,0.21397931625932454,-0.006613576072463824,0.006013578012300177,0.29373756995257383,300.94790356112657,3.1412189199159455,3.1312189199159457,0.009999999999999787,50864.98249654661,24762.7013820147,True
0.9490000000000001,3.2212820766115926,13.988352508248093,1.1115461546085674,-0.034100528629949896,0.031706894136110005,-0.005768270788662221,0.1861429775523237,0.036938639736962015,0.21440152155663167,-0.006506386441723021,0.006049680588679966,0.2941813092396333,301.4025352522304,3.141218919915947,3.131218919915947,0.009999999999999787,50806.36236180024,24662.06888501499,True
0.9500000000000001,3.2246764728988544,14.003092605727806,1.1115268756778076,-0.03346765086534786,0.03183118787930057,-0.00559155407631871,0.18675101522243487,0.0362952851540602,0.21481756925783152,-0.006398134399047735,0.006085285727178791,0.294617412441632,301.84934341639877,3.141218919915948,3.1312189199159484,0.009999999999999787,50748.69442009513,24562.519973292838,True
0.9510000000000001,3.2280708691861166,14.017832703207521,1.1115081909492395,-0.032832725878415854,0.031953290281203944,-0.0054181591292239255,0.18734919499613265,0.03564749633424441,0.21522735146878297,-0.006288831440983905,0.0061203829772606255,0.2950457202752021,302.2881648603583,3.1412189199159513,3.1312189199159515,0.009999999999999787,50691.98866316307,24464.093314362846,True
0.9520000000000001,3.2314652654733784,14.032572800687234,1.1114900891886308,-0.03219578732428945,0.03207318638183363,-0.005248061360405568,0.18793740296747272,0.0349953275160613,0.2156307613504688,-0.006178489528890381,0.006154961958914669,0.29546607373312983,302.7188366737679,3.141218919915957,3.1312189199159572,0.009999999999999787,50636.254971695955,24366.82775694832,True
0.9530000000000001,3.2348596617606407,14.047312898166949,1.1114725592486538,-0.03155686924345982,0.0321908614082063,-0.005081234151876307,0.18851552599956478,0.03433883464434722,0.21602769316857665,-0.006067121087489106,0.006189012368983497,0.2958783141467804,303.14119629317696,3.1412189199159655,3.1312189199159657,0.009999999999999787,50581.50311111242,24270.76230575418,True
0.9540000000000001,3.2382540580479025,14.062052995646662,1.1114555900757845,-0.030916006059046555,0.03230630078013191,-0.004917648851818873,0.18908345179394298,0.03367807536901566,0.21641804234336154,-0.005954739003081828,0.006222523987520436,0.29628228325009043,303.5550815675879,3.1412189199159783,3.1312189199159786,0.009999999999999787,50527.74272732497,24175.936094906945,True
0.9550000000000001,3.2416484543351642,14.076793093126375,1.1114391707172082,-0.030273232573832177,0.032419490115997374,-0.004757274773591443,0.18964106896058874,0.03301310904243867,0.2168017054997478,-0.005841356621428076,0.006255486684170484,0.29667782324511277,303.9603308256102,3.1412189199159983,3.1312189199159985,0.009999999999999787,50474.983342511354,24082.388360050885,True
0.9560000000000001,3.2450428506224265,14.09153319060609,1.111423290327726,-0.029628583967059186,0.03253041523853891,-0.004600079196569385,0.19018826708851977,0.032343996715405054,0.21717858051762098,-0.0057269877452805415,0.006287890424568651,0.2970647768690441,304.3567829441333,3.1412189199160276,3.131218919916028,0.009999999999999787,50423.23435089366,23990.15840909469,True
0.9570000000000001,3.2484372469096883,14.106273288085802,1.1114079381766548,-0.028982095790986224,0.032639062180598116,-0.004446027368875286,0.19072493681687663,0.03167080113162453,0.21754856658225535,-0.005611646631573411,0.006319725276749418,0.29744298746270215,304.74427741848456,3.1412189199160694,3.1312189199160696,0.009999999999999787,50372.50501452885,23899.28559160695,True
0.9580000000000001,3.25183164319695,14.121013385565515,1.1113931036547162,-0.02833380396720206,0.03274541719085709,-0.004295082512014604,0.19125096990641907,0.03099358672075891,0.21791156423482852,-0.005495347988260222,0.006350981417561063,0.29781229904038503,305.1226544340037,3.1412189199161302,3.1312189199161304,0.009999999999999787,50322.804459114144,23809.809266863962,True
0.9590000000000001,3.2552260394842123,14.13575348304523,1.1113787762808627,-0.02768374478272125,0.03284946673955069,-0.004147205827554559,0.19176625931154162,0.030312419589947064,0.21826747542313854,-0.0053781069708072025,0.006381649139084098,0.2981725563613932,305.49175493932034,3.141218919916167,3.1312189199161673,0.009999999999999787,50274.14166979852,23721.76877057477,True
0.96,3.2586204357714736,14.150493580524941,1.1113649457091872,-0.027031954885770083,0.03295119752413893,-0.004002356505557051,0.19227069925206336,0.029627367513830796,0.21861620355188485,-0.005259939178306387,0.006411718855026982,0.29852360500202885,305.8514207201203,3.1412189199161666,3.131218919916167,0.009999999999999787,50226.52548704908,23635.20338023852,True
0.961,3.262014832058736,14.165233678004656,1.1113516017357452,-0.02637847128136084,0.03305059647494635,-0.0038604917351277475,0.19276418528541575,0.028938499923039318,0.2189576535330819,-0.005140860649242402,0.006441181107113645,0.29886529142921486,306.20149447457237,3.141218919916167,3.1312189199161673,0.009999999999999787,50179.96460252751,23550.152279218597,True
0.962,3.2654092283459977,14.179973775484367,1.111338734305259,-0.025723331326671,0.033147650760767214,-0.0037215667171387776,0.1932466143792526,0.028245887891118125,0.21929173183666523,-0.005020887856916393,0.006470026571460417,0.2991974630758596,306.5418198905425,3.1412189199161666,3.131218919916167,0.009999999999999787,50134.46755497267,23466.65451956979,True
0.963,3.2688036246332595,14.19471387296408,1.11132633351787,-0.02506657272611486,0.03324234779441552,-0.003585534678810757,0.19371788498361459,0.027549604119905275,0.21961834654052811,-0.004900037704485987,0.006498246064910655,0.2995199684165859,306.8722417231822,3.141218919916167,3.1312189199161673,0.009999999999999787,50090.042726145526,23384.748983581303,True
0.964,3.2721980209205217,14.209453970443795,1.1113143896358122,-0.0244082335261895,0.03333467523822494,-0.0034523468904119844,0.19417789710310818,0.026849722923334807,0.2199374073804339,-0.004778327519649349,0.006525830551337348,0.2998326570446898,307.1926058737758,3.1412189199161666,3.131218919916167,0.009999999999999787,50046.69833680431,23304.474344124654,True
0.965,3.2755924172077835,14.224194067923507,1.111302893090022,-0.023748352110076018,0.03342462100949121,-0.003321952684033972,0.19462655236887696,0.02614632020966009,0.2202488257996227,-0.00465577504896599,0.006552771147902416,0.3001353797500324,307.5027594695447,3.141218919916167,3.1312189199161673,0.009999999999999787,50004.44244272057,23225.869023842817,True
0.966,3.2789868134950453,14.23893416540322,1.1112918344866833,-0.023086967191996162,0.033512173285851495,-0.0031942994744494357,0.195063754110268,0.025439473462092174,0.22055251499806858,-0.0045323984518146065,0.0065790591312657925,0.30042798859779357,307.80255094433414,3.1412189199161666,3.131218919916167,0.009999999999999787,49963.282930741705,23148.97115323335,True
0.967,3.2823812097823075,14.253674262882935,1.111281204613697,-0.022424117811327148,0.03359732051059528,-0.003069332782063567,0.19548940742609563,0.02472926171785044,0.22084838998130113,-0.004408216293988441,0.006604685943736253,0.3007103370079901,308.0918301200834,3.1412189199161666,3.131218919916167,0.009999999999999787,49923.22751490265,23073.81852768811,True
0.968,3.2857756060695693,14.268414360362648,1.1112709944470698,-0.021759843326475396,0.0336800513979015,-0.0029469962579580468,0.19590341925540314,0.024015765545625775,0.22113636760876096,-0.0042832475409298205,0.0066296431993574665,0.30098227983569037,308.3704482890091,3.141218919916167,3.1312189199161673,0.009999999999999787,49884.28373259187,23000.44856355775,True
0.969,3.2891700023568315,14.283154457842363,1.1112611951572124,-0.021094183408510197,0.033760354937996485,-0.0028272317110291925,0.1963056984476238,0.023299067021456617,0.22141636664160697,-0.004157511550605047,0.006653922689921258,0.30124367345182546,308.63825829640047,3.1412189199161666,3.131218919916167,0.009999999999999787,49846.458940774326,22928.898253318977,True
0.97,3.2925643986440933,14.297894555322076,1.1112517981151457,-0.020427178034561674,0.03383822040222725,-0.0027099791372170376,0.19669615583203895,0.022579249703025467,0.22168830778991763,-0.004031028066022469,0.006677516390900691,0.3014943758245065,308.89511462393233,3.141218919916167,3.1312189199161673,0.009999999999999787,49809.76031227681,22859.204119927992,True
0.971,3.295958794931355,14.312634652801789,1.1112427948986006,-0.01975886748098305,0.033913637348045,-0.002595176750811998,0.1970747042864325,0.021856398602382116,0.22195211375924032,-0.003903817207396415,0.006700416467296077,0.3017342466007635,309.1408734734107,3.141218919916167,3.1312189199161673,0.009999999999999787,49774.19483213825,22791.40217045379,True
0.972,3.2993531912186174,14.327374750281503,1.11123417729801,-0.01908929231628227,0.03398659562389331,-0.0024827610178308557,0.19744125880483973,0.02113060015710584,0.22220770929640124,-0.0037758994639603884,0.006722615279385597,0.3019631471885912,309.3753928508325,3.1412189199161675,3.1312189199161677,0.009999999999999787,49739.76929402997,22725.527849090748,True
0.973,3.302747587505879,14.342114847761216,1.1112259373223847,-0.01841849339382527,0.0340570853739957,-0.0023726666914496296,0.19779573656429064,0.020401942199917533,0.22245502123454336,-0.003647295685433907,0.006744105388374045,0.30218094083922964,309.5985326506856,3.1412189199161684,3.1312189199161686,0.009999999999999787,49706.49029674915,22661.615989658683,True
0.974,3.306141983793141,14.35685494524093,1.111218067205062,-0.017746511844313806,0.03412509704303764,-0.0022648268494646915,0.1981380569904438,0.019670513926761026,0.2226939785373066,-0.0035180270731470097,0.006764879561931592,0.3023874927295504,309.8101547403579,3.1412189199161693,3.1312189199161695,0.009999999999999787,49674.364240789146,22599.700767705886,True
0.975,3.309536380080403,14.371595042720644,1.111210559409329,-0.017073389068043378,0.03419062138073751,-0.002159172933763709,0.19846814182201022,0.018936405863371968,0.22292451234210825,-0.0033881151708282826,0.006784930779615751,0.3025826700444654,310.0101230445685,3.1412189199161706,3.131218919916171,0.009999999999999787,49643.39732499177,22539.815652336405,True
0.976,3.312930776367665,14.386335140200357,1.1112034066339032,-0.016399166726944595,0.034253649446301465,-0.0020556347917809097,0.19878591517386873,0.01819970983035548,0.2231465560024522,-0.0032575818550618055,0.006804252238169009,0.302766342059247,310.19830362970885,3.1412189199161737,3.131218919916174,0.009999999999999787,49613.59554328322,22481.99335789261,True
0.977,3.316325172654927,14.401075237680072,1.1111966018182737,-0.01572388673641186,0.03431417261275753,-0.001954140719896433,0.1990913035987704,0.017460518906798853,0.22336004512921545,-0.003126449325419319,0.006822837356685204,0.3029383802216523,310.37456478798265,3.1412189199161786,3.131218919916179,0.009999999999999787,49584.964681499434,22426.265795626612,True
0.978,3.319719568942189,14.415815335159785,1.1111901381478893,-0.01504759125692646,0.03437218257116334,-0.0018546175087549867,0.19938423614753548,0.016718927392447132,0.22356491763084507,-0.0029947400942748736,0.0068406797816372876,0.30309865823374593,310.5387771212375,3.1412189199161857,3.131218919916186,0.009999999999999787,49557.510314303276,22372.66402550351,True
0.979,3.323113965229451,14.430555432639496,1.1111840090591882,-0.014370322685476791,0.03442767133468349,-0.0017569904904532335,0.1996646444276445,0.01597503076847232,0.22376111375241722,-0.002862476976309059,0.006857773391759931,0.30324705213331116,310.6908136243741,3.1412189199161955,3.1312189199161957,0.009999999999999787,49531.23780219675,22321.21820828313,True
0.98,3.326508361516713,14.44529553011921,1.1111782082444697,-0.013692123646783358,0.03448063124253098,-0.00166118358756235,0.19993246266012996,0.01522892565686837,0.2239485761134951,-0.0027296830777111705,0.006874112302779815,0.3033834403747451,310.83054976822706,3.1412189199162124,3.1312189199162126,0.009999999999999787,49506.15228863374,22271.95755803052,True
0.981,3.329902757803975,14.460035627598923,1.1111727296565896,-0.01301303698433386,0.03453105496376884,-0.0015671193639286325,0.20018762773467147,0.014480709778513071,0.2241272497447374,-0.002596381785087901,0.0068896908719873326,0.3035077039093207,310.9578635817977,3.1412189199162364,3.1312189199162366,0.009999999999999787,49482.25869723371,22224.9102952131,True
0.982,3.3332971540912366,14.474775725078636,1.1111675675134185,-0.012333105751122913,0.034578935501028384,-0.0014747190770501724,0.20043007926309184,0.013730481909914102,0.22429708212344318,-0.0024625967540681543,0.006904503702663168,0.30361972626495337,311.07263573397785,3.141218919916194,3.1312189199161944,0.009999999999999787,49459.5617290797,22180.103600566017,True
0.983,3.336691550378499,14.489515822558351,1.111162716302411,-0.011652373200695723,0.03462426619381002,-0.0013839027328095685,0.2006597596296315,0.012978341838768722,0.2244580232066405,-0.002328351897716249,0.006918545648244148,0.30371939362403205,311.17474961329214,3.141218919916194,3.1312189199161944,0.009999999999999787,49438.06586022419,22137.56356975424,True
0.984,3.3400859466657606,14.504255920038064,1.111158170784467,-0.010970882777176182,0.034667040722105996,-0.001294589140634825,0.20087661404136364,0.012224390318195534,0.2246100254647132,-0.0021936713745352144,0.006931811816469403,0.3038065949022213,311.26409140863393,3.141218919916194,3.1312189199161944,0.009999999999999787,49417.775339131374,22097.3151692948,True
0.985,3.3434803429530224,14.518996017517777,1.111153925998066,-0.01028867810588062,0.034707253109443045,-0.001206695971266973,0.20108059057450395,0.011468729019905574,0.22475304391182924,-0.0020585795763447047,0.006944297573202229,0.303881221824462,311.34055018713195,3.1412189199161946,3.131218919916195,0.009999999999999787,49398.69418439088,22059.382193539834,True
0.986,3.3468747392402847,14.533736114997492,1.1111499772629945,-0.0096058029834418,0.034744897725953273,-0.0011201398155476548,0.2012716402193708,0.010711460486215296,0.2248870361356433,-0.0019231011158591393,0.0069559985461258396,0.30394316900056667,311.4040179716011,3.141218919916194,3.1312189199161944,0.009999999999999787,49380.82618247948,22023.787223129697,True
0.987,3.3502691355275465,14.548476212477205,1.1111463201839111,-0.0089223013678448,0.03477996929124643,-0.001034836244715608,0.20144971692288544,0.009952688081004558,0.2250119623253006,-0.0017872608140450503,0.006966910628232907,0.3039923339993832,311.45438981652654,3.1412189199161946,3.131218919916195,0.009999999999999787,49364.17488565638,21990.551584987505,True
0.988,3.3536635318148087,14.56321630995692,1.1111429506537025,-0.008238217368321706,0.034812462877113926,-0.0009506998720474188,0.20161477762869426,0.009192515939667757,0.22512778529785177,-0.0016510836872594334,0.006977029981115552,0.3040286174215602,311.49156388261537,3.1412189199161946,3.131218919916195,0.009999999999999787,49348.74360998083,21959.695314028155,True
0.989,3.3570579281020705,14.577956407436632,1.1111398648566284,-0.007553595235115654,0.03484237391006138,-0.0008676444157735186,0.20176678231484368,0.008431048918115396,0.22523447052303178,-0.0015145949341820266,0.006986353038050625,0.3040519229708099,311.51544150980885,3.141218919916194,3.1312189199161944,0.009999999999999787,49334.53543345612,21931.237116735992,True
0.99,3.3604523243893323,14.592696504916345,1.111137059271252,-0.006868479349119838,0.03486969817366653,-0.0007855827631905934,0.2019056940289417,0.007668392540881516,0.2253319861463568,-0.0013778199225538549,0.006994876506875447,0.30406215752355614,311.52592728863976,3.141218919916194,3.1312189199161944,0.009999999999999787,49321.55319430142,21905.19433676167,True
0.991,3.3638467206765945,14.60743660239606,1.1111345306731495,-0.00618291421140249,0.03489443181075949,-0.0007044270358857107,0.20203147892074327,0.006904652948401388,0.2254203030105208,-0.0012407841757359872,0.007002597372650226,0.3040592311968751,311.5229291298413,3.1412189199161946,3.131218919916195,0.009999999999999787,49309.79948935356,21881.58292268292,True
0.992,3.3672411169638563,14.622176699875773,1.1111322761373974,-0.005496944432625651,0.03491657132542282,-0.0006240886559958276,0.20214410627210214,0.006139936843519522,0.22549939467503932,-0.001103513359101846,0.0070095129001025765,0.3040430574146196,311.5063583320941,3.141218919916194,3.1312189199161944,0.009999999999999787,49299.27667260087,21860.41739806656,True
0.993,3.370635513251118,14.636916797355486,1.1111302930408327,-0.004810614722366069,0.03493611358480878,-0.0005444784134044421,0.2022435485242348,0.005374351437293767,0.22556923743412066,-0.0009660332662770469,0.0070156206358507325,0.30401355297162685,311.47612964781024,3.141218919916195,3.1312189199161953,0.009999999999999787,49289.986853851275,21841.710833961257,True
0.994,3.3740299095383803,14.6516568948352,1.1111285790640837,-0.004123969878349039,0.034953055820771475,-0.00046550653380582254,0.20232978130224966,0.004608004394159005,0.22562981033273483,-0.0008283698052414014,0.007020918410402056,0.30397063809592756,311.4321613468694,3.1412189199161955,3.1312189199161957,0.009999999999999787,49281.93189753578,21825.474823941844,True
0.995,3.377424305825642,14.666396992314912,1.111127132193369,-0.0034370547756037047,0.03496739563131191,-0.00038708274752703936,0.20240278343689466,0.0038410037765213133,0.22568109518084983,-0.0006905489843075151,0.007025404339923622,0.3039142365088437,311.374375278192,3.1412189199161964,3.1312189199161966,0.009999999999999787,49275.11342164923,21811.719461815916,True
0.996,3.3808187021129044,14.681137089794627,1.1111259507220606,-0.0027499143555483555,0.03497913098183411,-0.00030911635903182067,0.20246253698348662,0.0030734579888465324,0.22572307656582072,-0.0005525968979906789,0.007029076827782422,0.303844275482904,311.3026969290761,3.1412189199161977,3.131218919916198,0.009999999999999787,49269.53279682954,21800.453322092595,True
0.997,3.384213098400166,14.69587718727434,1.1111250332520106,-0.002062593615017868,0.034988260206210674,-0.00023151631700252793,0.2025090272379862,0.0023054757213181124,0.22575574186290392,-0.0004145397127856163,0.007031934565852583,0.30376068589747607,311.21705548219495,3.1412189199161995,3.1312189199161997,0.009999999999999787,49265.19114557625,21791.683443302376,True
0.998,3.387607494687428,14.710617284754052,1.1111243786946403,-0.0013751375952400658,0.034994782007656454,-0.00015419128490822714,0.20254224275019012,0.0015371658931304568,0.225779081243878,-0.0002764036528647782,0.007033976535587511,0.30366340229203326,311.117383870172,3.1412189199162035,3.1312189199162037,0.009999999999999787,49262.08934161062,21785.415314242837,True
0.999,3.39100189097469,14.725357382233767,1.1111239862717872,-0.0006875913707731808,0.03499869545940924,-7.704971196880036e-05,0.2025621753340172,0.0007686375954915458,0.22579308768377437,-0.00013821498571413003,0.00703520200885586,0.30355236291699356,311.00361882766714,3.141218919916211,3.1312189199162113,0.009999999999999787,49260.22800937633,21781.65286321499,True
